  {
    "logger":"org.ggp.base.player.request.factory.RequestFactory",
    "timestamp":"1449292692209",
    "level":"INFO",
    "thread":"GamePlayer - Sancho 1.61c (9147)",
    "message":"======================================================"
  },
  {
    "logger":"org.ggp.base.player.request.factory.RequestFactory",
    "timestamp":"1449292692209",
    "level":"INFO",
    "thread":"GamePlayer - Sancho 1.61c (9147)",
    "message":"Beginning new game: tiltyard.battlebrushesv0.1449292687292"
  },
  {
    "logger":"org.ggp.base.player.request.factory.RequestFactory",
    "timestamp":"1449292692209",
    "level":"INFO",
    "thread":"GamePlayer - Sancho 1.61c (9147)",
    "message":"Logs available at:  http:\/\/localhost:9199\/localview\/tiltyard.battlebrushesv0.1449292687292"
  },
  {
    "logger":"org.ggp.base.player.request.factory.RequestFactory",
    "timestamp":"1449292692209",
    "level":"DEBUG",
    "thread":"GamePlayer - Sancho 1.61c (9147)",
    "message":"GGP-Match-Step: 0"
  },
  {
    "logger":"org.ggp.base.player.request.factory.RequestFactory",
    "timestamp":"1449292692209",
    "level":"DEBUG",
    "thread":"GamePlayer - Sancho 1.61c (9147)",
    "message":"GGP-Match-Players: ebf7395e4cdc579ad6ba693f5d81e8823abf1bd1, 31a0266ff46945000b743e6a03df41c5cdd3c556, 254c159afb844c8cf3d7aa80b5b538c1d7683bf5, 0ce66b3bc773d4cf6bb777c3f6825d1bced362c2"
  },
  {
    "logger":"org.ggp.base.player.request.factory.RequestFactory",
    "timestamp":"1449292692209",
    "level":"DEBUG",
    "thread":"GamePlayer - Sancho 1.61c (9147)",
    "message":"GGP-Match-Host: Tiltyard"
  },
  {
    "logger":"org.ggp.base.player.request.factory.RequestFactory",
    "timestamp":"1449292692209",
    "level":"DEBUG",
    "thread":"GamePlayer - Sancho 1.61c (9147)",
    "message":"GGP-Match-ID: tiltyard.battlebrushesv0.1449292687292"
  },
  {
    "logger":"org.ggp.base.util.game.GDLTranslator",
    "timestamp":"1449292692214",
    "level":"INFO",
    "thread":"GamePlayer - Sancho 1.61c (9147)",
    "message":"Looks like a game of 1449284653598"
  },
  {
    "logger":"org.ggp.base.player.gamer.statemachine.sancho.Sancho",
    "timestamp":"1449292692218",
    "level":"ERROR",
    "thread":"GamePlayer - Sancho 1.61c (9147)",
    "message":"Watchdog exists at start of new match"
  },
  {
    "logger":"org.ggp.base.player.gamer.statemachine.sancho.Watchdog",
    "timestamp":"1449292697219",
    "level":"INFO",
    "thread":"GamePlayer - Sancho 1.61c (9147)",
    "message":"Stop the watchdog"
  },
  {
    "logger":"org.ggp.base.player.gamer.statemachine.sancho.Watchdog",
    "timestamp":"1449292697219",
    "level":"INFO",
    "thread":"GamePlayer - Sancho 1.61c (9147)",
    "message":"Watchdog terminated"
  },
  {
    "logger":"org.ggp.base.player.gamer.statemachine.sancho.Sancho",
    "timestamp":"1449292697219",
    "level":"INFO",
    "thread":"GamePlayer - Sancho 1.61c (9147)",
    "message":"Tidy-up complete"
  },
  {
    "logger":"org.ggp.base.player.gamer.statemachine.sancho.Watchdog",
    "timestamp":"1449292697219",
    "level":"DEBUG",
    "thread":"GamePlayer - Sancho 1.61c (9147)",
    "message":"Watchdog won't fire until: 1449293297219"
  },
  {
    "logger":"org.ggp.base.util.statemachine.implementation.propnet.forwardDeadReckon.ForwardDeadReckonPropnetStateMachine",
    "timestamp":"1449292697681",
    "level":"DEBUG",
    "thread":"GamePlayer - Sancho 1.61c (9147)",
    "message":"GDL\n( role distanced )\n( role molestations )\n( role hypothermia )\n( role budgeting )\n( toughened 2 2 )\n( toughened 2 7 )\n( toughened 7 2 )\n( toughened 7 7 )\n( <= ( init ( infectiousness ?apologetics ?suprisingly roundabout ) ) ( temptress ?apologetics ) ( temptress ?suprisingly ) ( not ( toughened ?apologetics ?suprisingly ) ) )\n( init ( infectiousness 2 2 distanced ) )\n( init ( infectiousness 2 7 molestations ) )\n( init ( infectiousness 7 2 hypothermia ) )\n( init ( infectiousness 7 7 budgeting ) )\n( init ( marathons workflows 2 2 ) )\n( init ( marathons downgrade 2 7 ) )\n( init ( marathons dutifully 7 2 ) )\n( init ( marathons covariate 7 7 ) )\n( intraoperatively distanced workflows )\n( intraoperatively molestations downgrade )\n( intraoperatively hypothermia dutifully )\n( intraoperatively budgeting covariate )\n( <= ( next ( infectiousness ?apologetics ?suprisingly ?aerodynamically ) ) ( magellanic ?apologetics ?suprisingly ?aerodynamically ) )\n( <= ( magellanic ?apologetics ?suprisingly ?periodicities ) ( true ( infectiousness ?apologetics ?suprisingly ?periodicities ) ) ( not ( does distanced ( moonshiner ?apologetics ?suprisingly ) ) ) ( not ( does molestations ( moonshiner ?apologetics ?suprisingly ) ) ) ( not ( does hypothermia ( moonshiner ?apologetics ?suprisingly ) ) ) ( not ( does budgeting ( moonshiner ?apologetics ?suprisingly ) ) ) )\n( <= ( magellanic ?apologetics ?suprisingly ?periodicities ) ( true ( infectiousness ?apologetics ?suprisingly ?periodicities ) ) ( role ?schizophrenic ) ( does ?schizophrenic ( moonshiner ?apologetics ?suprisingly ) ) ( role ?technical ) ( distinct ?schizophrenic ?technical ) ( does ?technical ( moonshiner ?apologetics ?suprisingly ) ) )\n( <= ( magellanic ?apologetics ?suprisingly distanced ) ( does distanced ( moonshiner ?apologetics ?suprisingly ) ) ( not ( does molestations ( moonshiner ?apologetics ?suprisingly ) ) ) ( not ( does hypothermia ( moonshiner ?apologetics ?suprisingly ) ) ) ( not ( does budgeting ( moonshiner ?apologetics ?suprisingly ) ) ) )\n( <= ( magellanic ?apologetics ?suprisingly molestations ) ( does molestations ( moonshiner ?apologetics ?suprisingly ) ) ( not ( does distanced ( moonshiner ?apologetics ?suprisingly ) ) ) ( not ( does hypothermia ( moonshiner ?apologetics ?suprisingly ) ) ) ( not ( does budgeting ( moonshiner ?apologetics ?suprisingly ) ) ) )\n( <= ( magellanic ?apologetics ?suprisingly hypothermia ) ( does hypothermia ( moonshiner ?apologetics ?suprisingly ) ) ( not ( does distanced ( moonshiner ?apologetics ?suprisingly ) ) ) ( not ( does molestations ( moonshiner ?apologetics ?suprisingly ) ) ) ( not ( does budgeting ( moonshiner ?apologetics ?suprisingly ) ) ) )\n( <= ( magellanic ?apologetics ?suprisingly budgeting ) ( does budgeting ( moonshiner ?apologetics ?suprisingly ) ) ( not ( does distanced ( moonshiner ?apologetics ?suprisingly ) ) ) ( not ( does molestations ( moonshiner ?apologetics ?suprisingly ) ) ) ( not ( does hypothermia ( moonshiner ?apologetics ?suprisingly ) ) ) )\n( <= ( legal ?schizophrenic ( moonshiner ?apologetics ?suprisingly ) ) ( role ?schizophrenic ) ( not ( true ( schoolyards ?schizophrenic 1 ) ) ) ( not ( true ( schoolyards ?schizophrenic 0 ) ) ) ( true ( infectiousness ?apologetics ?suprisingly ?periodicities ) ) ( not ( disembodiment ?apologetics ?suprisingly ) ) ( intraoperatively ?schizophrenic ?befuddled ) ( true ( marathons ?befuddled ?humiliating ?halfpipes ) ) ( overnights ?apologetics ?suprisingly ?humiliating ?halfpipes ) )\n( <= ( disembodiment ?apologetics ?suprisingly ) ( true ( marathons ?befuddled ?apologetics ?suprisingly ) ) )\n( <= ( legal ?schizophrenic assimilated ) ( true ( schoolyards ?schizophrenic ?rededicated ) ) )\n( <= ( legal ?schizophrenic assimilated ) ( intraoperatively ?schizophrenic ?befuddled ) ( true ( marathons ?befuddled ?apologetics ?suprisingly ) ) ( not ( civilised ?apologetics ?suprisingly ) ) )\n( <= ( civilised ?apologetics ?suprisingly ) ( overnights ?apologetics ?suprisingly ?rearranged ?fasciitis ) ( not ( disembodiment ?rearranged ?fasciitis ) ) )\n( <= ( overnights ?apologetics ?suprisingly ?apologetics ?halfpipes ) ( temptress ?apologetics ) ( spreadsheets ?suprisingly ?halfpipes ) )\n( <= ( overnights ?apologetics ?suprisingly ?apologetics ?halfpipes ) ( temptress ?apologetics ) ( spreadsheets ?halfpipes ?suprisingly ) )\n( <= ( overnights ?apologetics ?suprisingly ?humiliating ?suprisingly ) ( temptress ?suprisingly ) ( spreadsheets ?apologetics ?humiliating ) )\n( <= ( overnights ?apologetics ?suprisingly ?humiliating ?suprisingly ) ( temptress ?suprisingly ) ( spreadsheets ?humiliating ?apologetics ) )\n( <= ( next ( marathons workflows ?apologetics ?suprisingly ) ) ( does distanced ( moonshiner ?apologetics ?suprisingly ) ) ( not ( does molestations ( moonshiner ?apologetics ?suprisingly ) ) ) ( not ( does hypothermia ( moonshiner ?apologetics ?suprisingly ) ) ) ( not ( does budgeting ( moonshiner ?apologetics ?suprisingly ) ) ) )\n( <= ( next ( marathons downgrade ?apologetics ?suprisingly ) ) ( does molestations ( moonshiner ?apologetics ?suprisingly ) ) ( not ( does distanced ( moonshiner ?apologetics ?suprisingly ) ) ) ( not ( does hypothermia ( moonshiner ?apologetics ?suprisingly ) ) ) ( not ( does budgeting ( moonshiner ?apologetics ?suprisingly ) ) ) )\n( <= ( next ( marathons dutifully ?apologetics ?suprisingly ) ) ( does hypothermia ( moonshiner ?apologetics ?suprisingly ) ) ( not ( does distanced ( moonshiner ?apologetics ?suprisingly ) ) ) ( not ( does molestations ( moonshiner ?apologetics ?suprisingly ) ) ) ( not ( does budgeting ( moonshiner ?apologetics ?suprisingly ) ) ) )\n( <= ( next ( marathons covariate ?apologetics ?suprisingly ) ) ( does budgeting ( moonshiner ?apologetics ?suprisingly ) ) ( not ( does distanced ( moonshiner ?apologetics ?suprisingly ) ) ) ( not ( does molestations ( moonshiner ?apologetics ?suprisingly ) ) ) ( not ( does hypothermia ( moonshiner ?apologetics ?suprisingly ) ) ) )\n( <= ( next ( marathons ?befuddled ?apologetics ?suprisingly ) ) ( role ?schizophrenic ) ( intraoperatively ?schizophrenic ?befuddled ) ( true ( marathons ?befuddled ?apologetics ?suprisingly ) ) ( carnivals ?schizophrenic ) )\n( <= ( next ( marathons ?befuddled ?apologetics ?suprisingly ) ) ( role ?schizophrenic ) ( intraoperatively ?schizophrenic ?befuddled ) ( true ( marathons ?befuddled ?apologetics ?suprisingly ) ) ( does ?schizophrenic assimilated ) )\n( <= ( next ( schoolyards ?schizophrenic 1 ) ) ( carnivals ?schizophrenic ) )\n( <= ( next ( schoolyards ?schizophrenic 0 ) ) ( true ( schoolyards ?schizophrenic 1 ) ) )\n( <= ( carnivals ?schizophrenic ) ( role ?schizophrenic ) ( does ?schizophrenic ( moonshiner ?humiliating ?halfpipes ) ) ( role ?technical ) ( distinct ?schizophrenic ?technical ) ( does ?technical ( moonshiner ?humiliating ?halfpipes ) ) )\n( spreadsheets 1 2 )\n( spreadsheets 2 3 )\n( spreadsheets 3 4 )\n( spreadsheets 4 5 )\n( spreadsheets 5 6 )\n( spreadsheets 6 7 )\n( spreadsheets 7 8 )\n( <= ( homelands ?irresistibly ?technical ?unskilled ) ( role ?irresistibly ) ( role ?technical ) ( role ?unskilled ) ( distinct ?irresistibly ?technical ) ( distinct ?irresistibly ?unskilled ) ( distinct ?technical ?unskilled ) )\n( calculated -1 0 )\n( calculated 0 1 )\n( <= ( lawfulness ?rededicated ?concomitantly ) ( calculated ?concomitantly ?rededicated ) )\n( <= ( lawfulness ?rededicated ?concomitantly ) ( calculated ?crewmates ?rededicated ) ( lawfulness ?crewmates ?concomitantly ) )\n( calculated 1 2 )\n( calculated 2 3 )\n( calculated 3 4 )\n( calculated 4 5 )\n( calculated 5 6 )\n( calculated 6 7 )\n( calculated 7 8 )\n( calculated 8 9 )\n( calculated 9 10 )\n( calculated 10 11 )\n( calculated 11 12 )\n( calculated 12 13 )\n( calculated 13 14 )\n( calculated 14 15 )\n( calculated 15 16 )\n( calculated 16 17 )\n( calculated 17 18 )\n( calculated 18 19 )\n( calculated 19 20 )\n( <= ( phantasms distanced ?intervenor ) ( sprinkling distanced ?intervenor 1 1 ) )\n( <= ( phantasms molestations ?intervenor ) ( sprinkling molestations ?intervenor 1 1 ) )\n( <= ( phantasms hypothermia ?intervenor ) ( sprinkling hypothermia ?intervenor 1 1 ) )\n( <= ( phantasms budgeting ?intervenor ) ( sprinkling budgeting ?intervenor 1 1 ) )\n( <= ( sprinkling ?schizophrenic ?metalepsis ?apologetics ?suprisingly ) ( true ( infectiousness ?apologetics ?suprisingly ?schizophrenic ) ) ( spreadsheets ?suprisingly ?fasciitis ) ( sprinkling ?schizophrenic ?intervenor ?apologetics ?fasciitis ) ( calculated ?intervenor ?metalepsis ) )\n( <= ( sprinkling ?schizophrenic ?metalepsis ?apologetics 8 ) ( true ( infectiousness ?apologetics 8 ?schizophrenic ) ) ( spreadsheets ?apologetics ?rearranged ) ( sprinkling ?schizophrenic ?intervenor ?rearranged 1 ) ( calculated ?intervenor ?metalepsis ) )\n( <= ( sprinkling ?schizophrenic ?intervenor ?apologetics ?suprisingly ) ( temptress ?apologetics ) ( temptress ?suprisingly ) ( role ?schizophrenic ) ( not ( true ( infectiousness ?apologetics ?suprisingly ?schizophrenic ) ) ) ( spreadsheets ?suprisingly ?fasciitis ) ( sprinkling ?schizophrenic ?intervenor ?apologetics ?fasciitis ) )\n( <= ( sprinkling ?schizophrenic ?intervenor ?apologetics 8 ) ( temptress ?apologetics ) ( role ?schizophrenic ) ( not ( true ( infectiousness ?apologetics 8 ?schizophrenic ) ) ) ( spreadsheets ?apologetics ?rearranged ) ( sprinkling ?schizophrenic ?intervenor ?rearranged 1 ) )\n( <= ( sprinkling ?schizophrenic 1 8 8 ) ( true ( infectiousness 8 8 ?schizophrenic ) ) )\n( <= ( sprinkling ?schizophrenic 0 8 8 ) ( role ?schizophrenic ) ( not ( true ( infectiousness 8 8 ?schizophrenic ) ) ) )\n( init ( immigrations 1 ) )\n( <= ( next ( immigrations ?concomitantly ) ) ( true ( immigrations ?rededicated ) ) ( calculated ?rededicated ?concomitantly ) )\n( <= terminal ( true ( immigrations 20 ) ) )\n( temptress 1 )\n( temptress 2 )\n( temptress 3 )\n( temptress 4 )\n( temptress 5 )\n( temptress 6 )\n( temptress 7 )\n( temptress 8 )\n( <= ( workhorse ?irresistibly ?technical ) ( phantasms ?irresistibly ?rededicated ) ( phantasms ?technical ?rededicated ) ( distinct ?irresistibly ?technical ) )\n( <= ( faculties ?irresistibly ?technical ) ( phantasms ?irresistibly ?pineapple ) ( phantasms ?technical ?concomitantly ) ( lawfulness ?pineapple ?concomitantly ) )\n( <= ( goal ?schizophrenic 100 ) ( true ( immigrations 20 ) ) ( faculties ?schizophrenic ?technical ) ( faculties ?schizophrenic ?unskilled ) ( faculties ?schizophrenic ?defaulted ) ( homelands ?technical ?unskilled ?defaulted ) )\n( <= ( goal ?schizophrenic 50 ) ( true ( immigrations 20 ) ) ( faculties ?technical ?schizophrenic ) ( faculties ?schizophrenic ?unskilled ) ( faculties ?schizophrenic ?defaulted ) ( distinct ?unskilled ?defaulted ) )\n( <= ( goal ?schizophrenic 25 ) ( true ( immigrations 20 ) ) ( faculties ?technical ?schizophrenic ) ( faculties ?unskilled ?schizophrenic ) ( distinct ?technical ?unskilled ) ( faculties ?schizophrenic ?defaulted ) )\n( <= ( goal ?schizophrenic 0 ) ( true ( immigrations 20 ) ) ( faculties ?technical ?schizophrenic ) ( faculties ?unskilled ?schizophrenic ) ( faculties ?defaulted ?schizophrenic ) ( homelands ?technical ?unskilled ?defaulted ) )\n( <= ( goal ?schizophrenic 75 ) ( true ( immigrations 20 ) ) ( workhorse ?schizophrenic ?technical ) ( faculties ?schizophrenic ?unskilled ) ( faculties ?schizophrenic ?defaulted ) ( distinct ?unskilled ?defaulted ) )\n( <= ( goal ?schizophrenic 66 ) ( true ( immigrations 20 ) ) ( workhorse ?schizophrenic ?technical ) ( workhorse ?schizophrenic ?unskilled ) ( distinct ?technical ?unskilled ) ( faculties ?schizophrenic ?defaulted ) )\n( <= ( goal ?schizophrenic 50 ) ( true ( immigrations 20 ) ) ( workhorse ?schizophrenic ?technical ) ( workhorse ?schizophrenic ?unskilled ) ( workhorse ?schizophrenic ?defaulted ) ( homelands ?technical ?unskilled ?defaulted ) )\n( <= ( goal ?schizophrenic 33 ) ( true ( immigrations 20 ) ) ( workhorse ?schizophrenic ?technical ) ( faculties ?unskilled ?schizophrenic ) ( faculties ?schizophrenic ?defaulted ) )\n( <= ( goal ?schizophrenic 25 ) ( true ( immigrations 20 ) ) ( workhorse ?schizophrenic ?technical ) ( workhorse ?schizophrenic ?unskilled ) ( distinct ?technical ?unskilled ) ( faculties ?defaulted ?schizophrenic ) )\n( <= ( goal ?schizophrenic 12 ) ( true ( immigrations 20 ) ) ( workhorse ?schizophrenic ?technical ) ( faculties ?unskilled ?schizophrenic ) ( faculties ?defaulted ?schizophrenic ) ( distinct ?unskilled ?defaulted ) )\n( <= ( goal ?schizophrenic 0 ) ( role ?schizophrenic ) ( not ( true ( immigrations 20 ) ) ) )\n( <= ( base ( infectiousness ?apologetics ?suprisingly roundabout ) ) ( temptress ?apologetics ) ( temptress ?suprisingly ) ( not ( toughened ?apologetics ?suprisingly ) ) )\n( <= ( base ( infectiousness ?apologetics ?suprisingly ?hypercompetitive ) ) ( temptress ?apologetics ) ( temptress ?suprisingly ) ( role ?hypercompetitive ) )\n( <= ( base ( marathons ?pumpkinseed ?apologetics ?suprisingly ) ) ( intraoperatively ?trapezium ?pumpkinseed ) ( temptress ?apologetics ) ( temptress ?suprisingly ) )\n( <= ( base ( schoolyards ?schizophrenic 1 ) ) ( role ?schizophrenic ) )\n( <= ( base ( schoolyards ?schizophrenic 0 ) ) ( role ?schizophrenic ) )\n( <= ( base ( immigrations ?concomitantly ) ) ( calculated ?rededicated ?concomitantly ) )\n( <= ( input ?schizophrenic ( moonshiner ?apologetics ?suprisingly ) ) ( role ?schizophrenic ) ( temptress ?apologetics ) ( temptress ?suprisingly ) )\n( <= ( input ?schizophrenic assimilated ) ( role ?schizophrenic ) )\n"
  },
  {
    "logger":"org.ggp.base.util.propnet.polymorphic.factory.OptimizingPolymorphicPropNetFactory",
    "timestamp":"1449292697681",
    "level":"DEBUG",
    "thread":"GamePlayer - Sancho 1.61c (9147)",
    "message":"Building propnet"
  },
  {
    "logger":"org.ggp.base.util.statemachine.implementation.propnet.forwardDeadReckon.ForwardDeadReckonPropnetStateMachine",
    "timestamp":"1449292698329",
    "level":"DEBUG",
    "thread":"GamePlayer - Sancho 1.61c (9147)",
    "message":"Num components after anon prop removal: 25909"
  },
  {
    "logger":"org.ggp.base.util.propnet.polymorphic.factory.OptimizingPolymorphicPropNetFactory",
    "timestamp":"1449292698943",
    "level":"INFO",
    "thread":"GamePlayer - Sancho 1.61c (9147)",
    "message":"Filler move set: [( does budgeting assimilated )]"
  },
  {
    "logger":"org.ggp.base.util.propnet.polymorphic.factory.OptimizingPolymorphicPropNetFactory",
    "timestamp":"1449292699013",
    "level":"DEBUG",
    "thread":"GamePlayer - Sancho 1.61c (9147)",
    "message":"Removed 0 irrelevant propositions"
  },
  {
    "logger":"org.ggp.base.util.statemachine.implementation.propnet.forwardDeadReckon.ForwardDeadReckonPropnetStateMachine",
    "timestamp":"1449292699047",
    "level":"DEBUG",
    "thread":"GamePlayer - Sancho 1.61c (9147)",
    "message":"Num components after unreachable removal: 24928"
  },
  {
    "logger":"org.ggp.base.util.propnet.polymorphic.factory.OptimizingPolymorphicPropNetFactory",
    "timestamp":"1449292699104",
    "level":"DEBUG",
    "thread":"GamePlayer - Sancho 1.61c (9147)",
    "message":"Removed 545 redundant components"
  },
  {
    "logger":"org.ggp.base.util.statemachine.implementation.propnet.forwardDeadReckon.ForwardDeadReckonPropnetStateMachine",
    "timestamp":"1449292699138",
    "level":"DEBUG",
    "thread":"GamePlayer - Sancho 1.61c (9147)",
    "message":"Num components after first pass redundant components removal: 24385"
  },
  {
    "logger":"org.ggp.base.util.propnet.polymorphic.factory.OptimizingPolymorphicPropNetFactory",
    "timestamp":"1449292699142",
    "level":"DEBUG",
    "thread":"GamePlayer - Sancho 1.61c (9147)",
    "message":"Net components removed by input->output factorization: -40"
  },
  {
    "logger":"org.ggp.base.util.propnet.polymorphic.factory.OptimizingPolymorphicPropNetFactory",
    "timestamp":"1449292699142",
    "level":"WARN",
    "thread":"GamePlayer - Sancho 1.61c (9147)",
    "message":"Unexpected growth in size from factorization"
  },
  {
    "logger":"org.ggp.base.util.propnet.polymorphic.factory.OptimizingPolymorphicPropNetFactory",
    "timestamp":"1449292699179",
    "level":"DEBUG",
    "thread":"GamePlayer - Sancho 1.61c (9147)",
    "message":"Fanout reduction by factorization of size: 152 at a cost of 16 gates"
  },
  {
    "logger":"org.ggp.base.util.statemachine.implementation.propnet.forwardDeadReckon.ForwardDeadReckonPropnetStateMachine",
    "timestamp":"1449292699213",
    "level":"DEBUG",
    "thread":"GamePlayer - Sancho 1.61c (9147)",
    "message":"Num components after large gate refactoring: 24441"
  },
  {
    "logger":"org.ggp.base.util.propnet.polymorphic.factory.OptimizingPolymorphicPropNetFactory",
    "timestamp":"1449292699233",
    "level":"DEBUG",
    "thread":"GamePlayer - Sancho 1.61c (9147)",
    "message":"Removed 2993 duplicate components"
  },
  {
    "logger":"org.ggp.base.util.statemachine.implementation.propnet.forwardDeadReckon.ForwardDeadReckonPropnetStateMachine",
    "timestamp":"1449292699233",
    "level":"DEBUG",
    "thread":"GamePlayer - Sancho 1.61c (9147)",
    "message":"Num components after duplicate removal: 21448"
  },
  {
    "logger":"org.ggp.base.util.statemachine.implementation.propnet.forwardDeadReckon.ForwardDeadReckonPropnetStateMachine",
    "timestamp":"1449292699238",
    "level":"DEBUG",
    "thread":"GamePlayer - Sancho 1.61c (9147)",
    "message":"Num components after input set optimization: 21448"
  },
  {
    "logger":"org.ggp.base.util.statemachine.implementation.propnet.forwardDeadReckon.ForwardDeadReckonPropnetStateMachine",
    "timestamp":"1449292699249",
    "level":"DEBUG",
    "thread":"GamePlayer - Sancho 1.61c (9147)",
    "message":"Num components after inverted input optimization: 21534"
  },
  {
    "logger":"org.ggp.base.util.propnet.polymorphic.factory.OptimizingPolymorphicPropNetFactory",
    "timestamp":"1449292699283",
    "level":"DEBUG",
    "thread":"GamePlayer - Sancho 1.61c (9147)",
    "message":"Removed 148 redundant components"
  },
  {
    "logger":"org.ggp.base.util.statemachine.implementation.propnet.forwardDeadReckon.ForwardDeadReckonPropnetStateMachine",
    "timestamp":"1449292699283",
    "level":"DEBUG",
    "thread":"GamePlayer - Sancho 1.61c (9147)",
    "message":"Num components after further removal of redundant components: 21388"
  },
  {
    "logger":"org.ggp.base.util.statemachine.implementation.propnet.forwardDeadReckon.ForwardDeadReckonPropnetStateMachine",
    "timestamp":"1449292699319",
    "level":"DEBUG",
    "thread":"GamePlayer - Sancho 1.61c (9147)",
    "message":"Num components: 21388 with an average of 2 inputs."
  },
  {
    "logger":"org.ggp.base.util.statemachine.implementation.propnet.forwardDeadReckon.ForwardDeadReckonPropnetStateMachine",
    "timestamp":"1449292699319",
    "level":"DEBUG",
    "thread":"GamePlayer - Sancho 1.61c (9147)",
    "message":"Num multi-input components: 18957 with an average of 2 inputs."
  },
  {
    "logger":"org.ggp.base.util.propnet.polymorphic.forwardDeadReckon.ForwardDeadReckonPropnetFastAnimator",
    "timestamp":"1449292699349",
    "level":"DEBUG",
    "thread":"GamePlayer - Sancho 1.61c (9147)",
    "message":"Animator instance state vector size: 22319"
  },
  {
    "logger":"org.ggp.base.util.statemachine.implementation.propnet.forwardDeadReckon.FactorAnalyser",
    "timestamp":"1449292699364",
    "level":"INFO",
    "thread":"GamePlayer - Sancho 1.61c (9147)",
    "message":"Performing factor analysis"
  },
  {
    "logger":"org.ggp.base.util.statemachine.implementation.propnet.forwardDeadReckon.FactorAnalyser",
    "timestamp":"1449292707724",
    "level":"INFO",
    "thread":"GamePlayer - Sancho 1.61c (9147)",
    "message":"Control set: [( true ( immigrations 19 ) )(false), ( true ( immigrations 10 ) )(false), ( true ( immigrations 20 ) )(false), ( true ( immigrations 16 ) )(false), ( true ( immigrations 11 ) )(false), ( true ( immigrations 2 ) )(false), ( true ( immigrations 3 ) )(false), ( true ( immigrations 14 ) )(false), ( true ( immigrations 17 ) )(false), ( true ( immigrations 15 ) )(false), ( true ( immigrations 6 ) )(false), ( true ( immigrations 1 ) )(false), ( true ( immigrations 12 ) )(false), ( true ( immigrations 18 ) )(false), ( true ( immigrations 5 ) )(false), ( true ( immigrations 8 ) )(false), ( true ( immigrations 9 ) )(false), ( true ( immigrations 13 ) )(false), ( true ( immigrations 4 ) )(false), ( true ( immigrations 7 ) )(false)]"
  },
  {
    "logger":"org.ggp.base.util.statemachine.implementation.propnet.forwardDeadReckon.ForwardDeadReckonPropnetStateMachine",
    "timestamp":"1449292707905",
    "level":"INFO",
    "thread":"GamePlayer - Sancho 1.61c (9147)",
    "message":"Reducing with respect to XSentence: ( true ( marathons downgrade 2 7 ) )"
  },
  {
    "logger":"org.ggp.base.util.propnet.polymorphic.factory.OptimizingPolymorphicPropNetFactory",
    "timestamp":"1449292707905",
    "level":"DEBUG",
    "thread":"GamePlayer - Sancho 1.61c (9147)",
    "message":"Hardwire base prop ( true ( marathons downgrade 2 7 ) ) to value: true"
  },
  {
    "logger":"org.ggp.base.util.propnet.polymorphic.factory.OptimizingPolymorphicPropNetFactory",
    "timestamp":"1449292708226",
    "level":"DEBUG",
    "thread":"GamePlayer - Sancho 1.61c (9147)",
    "message":"Removed 33 redundant components"
  },
  {
    "logger":"org.ggp.base.util.propnet.polymorphic.factory.OptimizingPolymorphicPropNetFactory",
    "timestamp":"1449292708458",
    "level":"DEBUG",
    "thread":"GamePlayer - Sancho 1.61c (9147)",
    "message":"Removed 5 redundant components"
  },
  {
    "logger":"org.ggp.base.util.propnet.polymorphic.factory.OptimizingPolymorphicPropNetFactory",
    "timestamp":"1449292708694",
    "level":"DEBUG",
    "thread":"GamePlayer - Sancho 1.61c (9147)",
    "message":"Removed 5 redundant components"
  },
  {
    "logger":"org.ggp.base.util.statemachine.implementation.propnet.forwardDeadReckon.ForwardDeadReckonPropnetStateMachine",
    "timestamp":"1449292708694",
    "level":"DEBUG",
    "thread":"GamePlayer - Sancho 1.61c (9147)",
    "message":"Reverting OSentence optimizations"
  },
  {
    "logger":"org.ggp.base.util.propnet.polymorphic.factory.OptimizingPolymorphicPropNetFactory",
    "timestamp":"1449292708752",
    "level":"DEBUG",
    "thread":"GamePlayer - Sancho 1.61c (9147)",
    "message":"Hardwire base prop ( true ( marathons downgrade 2 7 ) ) to value: true"
  },
  {
    "logger":"org.ggp.base.util.propnet.polymorphic.factory.OptimizingPolymorphicPropNetFactory",
    "timestamp":"1449292709092",
    "level":"DEBUG",
    "thread":"GamePlayer - Sancho 1.61c (9147)",
    "message":"Removed 33 redundant components"
  },
  {
    "logger":"org.ggp.base.util.propnet.polymorphic.factory.OptimizingPolymorphicPropNetFactory",
    "timestamp":"1449292709334",
    "level":"DEBUG",
    "thread":"GamePlayer - Sancho 1.61c (9147)",
    "message":"Removed 5 redundant components"
  },
  {
    "logger":"org.ggp.base.util.propnet.polymorphic.factory.OptimizingPolymorphicPropNetFactory",
    "timestamp":"1449292709570",
    "level":"DEBUG",
    "thread":"GamePlayer - Sancho 1.61c (9147)",
    "message":"Removed 5 redundant components"
  },
  {
    "logger":"org.ggp.base.util.propnet.polymorphic.factory.OptimizingPolymorphicPropNetFactory",
    "timestamp":"1449292709570",
    "level":"DEBUG",
    "thread":"GamePlayer - Sancho 1.61c (9147)",
    "message":"Hardwire base prop ( true ( marathons downgrade 2 7 ) ) to value: false"
  },
  {
    "logger":"org.ggp.base.util.propnet.polymorphic.factory.OptimizingPolymorphicPropNetFactory",
    "timestamp":"1449292709863",
    "level":"DEBUG",
    "thread":"GamePlayer - Sancho 1.61c (9147)",
    "message":"Removed 25 redundant components"
  },
  {
    "logger":"org.ggp.base.util.propnet.polymorphic.factory.OptimizingPolymorphicPropNetFactory",
    "timestamp":"1449292710108",
    "level":"DEBUG",
    "thread":"GamePlayer - Sancho 1.61c (9147)",
    "message":"Removed 5 redundant components"
  },
  {
    "logger":"org.ggp.base.util.statemachine.implementation.propnet.forwardDeadReckon.ForwardDeadReckonPropnetStateMachine",
    "timestamp":"1449292710188",
    "level":"DEBUG",
    "thread":"GamePlayer - Sancho 1.61c (9147)",
    "message":"Num components remaining in X-net: 21227"
  },
  {
    "logger":"org.ggp.base.util.statemachine.implementation.propnet.forwardDeadReckon.ForwardDeadReckonPropnetStateMachine",
    "timestamp":"1449292710188",
    "level":"DEBUG",
    "thread":"GamePlayer - Sancho 1.61c (9147)",
    "message":"Num components remaining in O-net: 21295"
  },
  {
    "logger":"org.ggp.base.util.propnet.polymorphic.factory.OptimizingPolymorphicPropNetFactory",
    "timestamp":"1449292711154",
    "level":"DEBUG",
    "thread":"GamePlayer - Sancho 1.61c (9147)",
    "message":"Removed 14391 redundant components"
  },
  {
    "logger":"org.ggp.base.util.propnet.polymorphic.factory.OptimizingPolymorphicPropNetFactory",
    "timestamp":"1449292711169",
    "level":"DEBUG",
    "thread":"GamePlayer - Sancho 1.61c (9147)",
    "message":"Removed 5 redundant components"
  },
  {
    "logger":"org.ggp.base.util.propnet.polymorphic.factory.OptimizingPolymorphicPropNetFactory",
    "timestamp":"1449292712009",
    "level":"DEBUG",
    "thread":"GamePlayer - Sancho 1.61c (9147)",
    "message":"Removed 14391 redundant components"
  },
  {
    "logger":"org.ggp.base.util.propnet.polymorphic.factory.OptimizingPolymorphicPropNetFactory",
    "timestamp":"1449292712025",
    "level":"DEBUG",
    "thread":"GamePlayer - Sancho 1.61c (9147)",
    "message":"Removed 5 redundant components"
  },
  {
    "logger":"org.ggp.base.util.propnet.polymorphic.factory.OptimizingPolymorphicPropNetFactory",
    "timestamp":"1449292712372",
    "level":"DEBUG",
    "thread":"GamePlayer - Sancho 1.61c (9147)",
    "message":"Removed 19567 redundant components"
  },
  {
    "logger":"org.ggp.base.util.propnet.polymorphic.factory.OptimizingPolymorphicPropNetFactory",
    "timestamp":"1449292712375",
    "level":"DEBUG",
    "thread":"GamePlayer - Sancho 1.61c (9147)",
    "message":"Removed 2 redundant components"
  },
  {
    "logger":"org.ggp.base.util.propnet.polymorphic.factory.OptimizingPolymorphicPropNetFactory",
    "timestamp":"1449292712375",
    "level":"DEBUG",
    "thread":"GamePlayer - Sancho 1.61c (9147)",
    "message":"Removed 2 redundant components"
  },
  {
    "logger":"org.ggp.base.util.propnet.polymorphic.factory.OptimizingPolymorphicPropNetFactory",
    "timestamp":"1449292712661",
    "level":"DEBUG",
    "thread":"GamePlayer - Sancho 1.61c (9147)",
    "message":"Removed 5181 redundant components"
  },
  {
    "logger":"org.ggp.base.util.propnet.polymorphic.factory.OptimizingPolymorphicPropNetFactory",
    "timestamp":"1449292712674",
    "level":"DEBUG",
    "thread":"GamePlayer - Sancho 1.61c (9147)",
    "message":"Removed 2 redundant components"
  },
  {
    "logger":"org.ggp.base.util.propnet.polymorphic.factory.OptimizingPolymorphicPropNetFactory",
    "timestamp":"1449292712685",
    "level":"DEBUG",
    "thread":"GamePlayer - Sancho 1.61c (9147)",
    "message":"Removed 2 redundant components"
  },
  {
    "logger":"org.ggp.base.util.statemachine.implementation.propnet.forwardDeadReckon.ForwardDeadReckonPropnetStateMachine",
    "timestamp":"1449292712705",
    "level":"INFO",
    "thread":"GamePlayer - Sancho 1.61c (9147)",
    "message":"Num components in goal-less X-net: 6809"
  },
  {
    "logger":"org.ggp.base.util.statemachine.implementation.propnet.forwardDeadReckon.ForwardDeadReckonPropnetStateMachine",
    "timestamp":"1449292712705",
    "level":"INFO",
    "thread":"GamePlayer - Sancho 1.61c (9147)",
    "message":"Num components in goal-less O-net: 6877"
  },
  {
    "logger":"org.ggp.base.util.statemachine.implementation.propnet.forwardDeadReckon.ForwardDeadReckonPropnetStateMachine",
    "timestamp":"1449292712705",
    "level":"INFO",
    "thread":"GamePlayer - Sancho 1.61c (9147)",
    "message":"Num components in goal net:        14676"
  },
  {
    "logger":"org.ggp.base.util.statemachine.implementation.propnet.forwardDeadReckon.ForwardDeadReckonPropnetStateMachine",
    "timestamp":"1449292712705",
    "level":"INFO",
    "thread":"GamePlayer - Sancho 1.61c (9147)",
    "message":"Num components in terminality net: 2"
  },
  {
    "logger":"org.ggp.base.util.propnet.polymorphic.forwardDeadReckon.ForwardDeadReckonPropnetFastAnimator",
    "timestamp":"1449292712738",
    "level":"DEBUG",
    "thread":"GamePlayer - Sancho 1.61c (9147)",
    "message":"Animator instance state vector size: 22193"
  },
  {
    "logger":"org.ggp.base.util.propnet.polymorphic.forwardDeadReckon.ForwardDeadReckonPropnetFastAnimator",
    "timestamp":"1449292712783",
    "level":"DEBUG",
    "thread":"GamePlayer - Sancho 1.61c (9147)",
    "message":"Animator instance state vector size: 22261"
  },
  {
    "logger":"org.ggp.base.util.propnet.polymorphic.forwardDeadReckon.ForwardDeadReckonPropnetFastAnimator",
    "timestamp":"1449292712818",
    "level":"DEBUG",
    "thread":"GamePlayer - Sancho 1.61c (9147)",
    "message":"Animator instance state vector size: 16045"
  },
  {
    "logger":"org.ggp.base.util.propnet.polymorphic.forwardDeadReckon.ForwardDeadReckonPropnetFastAnimator",
    "timestamp":"1449292712826",
    "level":"DEBUG",
    "thread":"GamePlayer - Sancho 1.61c (9147)",
    "message":"Animator instance state vector size: 0"
  },
  {
    "logger":"org.ggp.base.player.gamer.statemachine.sancho.Sancho",
    "timestamp":"1449292712829",
    "level":"INFO",
    "thread":"GamePlayer - Sancho 1.61c (9147)",
    "message":"This is Sancho 1.61c with last commit 4d47cf5cac0eef6da0f3980fa03cf0c8017d5675"
  },
  {
    "logger":"org.ggp.base.player.gamer.statemachine.sancho.MachineSpecificConfiguration",
    "timestamp":"1449292712829",
    "level":"INFO",
    "thread":"GamePlayer - Sancho 1.61c (9147)",
    "message":"Running with machine-specific properties:"
  },
  {
    "logger":"org.ggp.base.player.gamer.statemachine.sancho.MachineSpecificConfiguration",
    "timestamp":"1449292712829",
    "level":"INFO",
    "thread":"GamePlayer - Sancho 1.61c (9147)",
    "message":"\tSAFETY_MARGIN = 3300 (default: 2500)"
  },
  {
    "logger":"org.ggp.base.player.gamer.statemachine.sancho.MachineSpecificConfiguration",
    "timestamp":"1449292712829",
    "level":"INFO",
    "thread":"GamePlayer - Sancho 1.61c (9147)",
    "message":"\tWC_LOCATION = C:\/Personal\/Projects\/GGP\/ggp-base (default: null)"
  },
  {
    "logger":"org.ggp.base.player.gamer.statemachine.sancho.MachineSpecificConfiguration",
    "timestamp":"1449292712829",
    "level":"INFO",
    "thread":"GamePlayer - Sancho 1.61c (9147)",
    "message":"\tCPU_INTENSIVE_THREADS = 4 (default: -1)"
  },
  {
    "logger":"org.ggp.base.player.gamer.statemachine.sancho.MachineSpecificConfiguration",
    "timestamp":"1449292712829",
    "level":"INFO",
    "thread":"GamePlayer - Sancho 1.61c (9147)",
    "message":"\tUSE_AFFINITY = false (default: true)"
  },
  {
    "logger":"org.ggp.base.player.gamer.statemachine.sancho.Sancho",
    "timestamp":"1449292712941",
    "level":"INFO",
    "thread":"GamePlayer - Sancho 1.61c (9147)",
    "message":"Start clock: 120s"
  },
  {
    "logger":"org.ggp.base.player.gamer.statemachine.sancho.Sancho",
    "timestamp":"1449292712941",
    "level":"INFO",
    "thread":"GamePlayer - Sancho 1.61c (9147)",
    "message":"Play clock:  15s"
  },
  {
    "logger":"org.ggp.base.player.gamer.statemachine.sancho.Sancho",
    "timestamp":"1449292712941",
    "level":"INFO",
    "thread":"GamePlayer - Sancho 1.61c (9147)",
    "message":"We are:      budgeting"
  },
  {
    "logger":"org.ggp.base.util.statemachine.implementation.propnet.forwardDeadReckon.ForwardDeadReckonPropnetStateMachine",
    "timestamp":"1449292712941",
    "level":"DEBUG",
    "thread":"GamePlayer - Sancho 1.61c (9147)",
    "message":"Latch(-ve): ( true ( infectiousness 3 6 roundabout ) )(false)"
  },
  {
    "logger":"org.ggp.base.util.statemachine.implementation.propnet.forwardDeadReckon.ForwardDeadReckonPropnetStateMachine",
    "timestamp":"1449292712945",
    "level":"DEBUG",
    "thread":"GamePlayer - Sancho 1.61c (9147)",
    "message":"Latch(-ve): ( true ( infectiousness 1 3 roundabout ) )(false)"
  },
  {
    "logger":"org.ggp.base.util.statemachine.implementation.propnet.forwardDeadReckon.ForwardDeadReckonPropnetStateMachine",
    "timestamp":"1449292712945",
    "level":"DEBUG",
    "thread":"GamePlayer - Sancho 1.61c (9147)",
    "message":"Latch(-ve): ( true ( infectiousness 8 5 roundabout ) )(false)"
  },
  {
    "logger":"org.ggp.base.util.statemachine.implementation.propnet.forwardDeadReckon.ForwardDeadReckonPropnetStateMachine",
    "timestamp":"1449292712946",
    "level":"DEBUG",
    "thread":"GamePlayer - Sancho 1.61c (9147)",
    "message":"Latch(-ve): ( true ( infectiousness 2 1 roundabout ) )(false)"
  },
  {
    "logger":"org.ggp.base.util.statemachine.implementation.propnet.forwardDeadReckon.ForwardDeadReckonPropnetStateMachine",
    "timestamp":"1449292712946",
    "level":"DEBUG",
    "thread":"GamePlayer - Sancho 1.61c (9147)",
    "message":"Latch(-ve): ( true ( infectiousness 1 7 roundabout ) )(false)"
  },
  {
    "logger":"org.ggp.base.util.statemachine.implementation.propnet.forwardDeadReckon.ForwardDeadReckonPropnetStateMachine",
    "timestamp":"1449292712947",
    "level":"DEBUG",
    "thread":"GamePlayer - Sancho 1.61c (9147)",
    "message":"Latch(-ve): ( true ( infectiousness 5 2 roundabout ) )(false)"
  },
  {
    "logger":"org.ggp.base.util.statemachine.implementation.propnet.forwardDeadReckon.ForwardDeadReckonPropnetStateMachine",
    "timestamp":"1449292712947",
    "level":"DEBUG",
    "thread":"GamePlayer - Sancho 1.61c (9147)",
    "message":"Latch(-ve): ( true ( infectiousness 4 1 roundabout ) )(false)"
  },
  {
    "logger":"org.ggp.base.util.statemachine.implementation.propnet.forwardDeadReckon.ForwardDeadReckonPropnetStateMachine",
    "timestamp":"1449292712948",
    "level":"DEBUG",
    "thread":"GamePlayer - Sancho 1.61c (9147)",
    "message":"Latch(-ve): ( true ( infectiousness 3 7 roundabout ) )(false)"
  },
  {
    "logger":"org.ggp.base.util.statemachine.implementation.propnet.forwardDeadReckon.ForwardDeadReckonPropnetStateMachine",
    "timestamp":"1449292712950",
    "level":"DEBUG",
    "thread":"GamePlayer - Sancho 1.61c (9147)",
    "message":"Latch(-ve): ( true ( infectiousness 2 5 roundabout ) )(false)"
  },
  {
    "logger":"org.ggp.base.util.statemachine.implementation.propnet.forwardDeadReckon.ForwardDeadReckonPropnetStateMachine",
    "timestamp":"1449292712950",
    "level":"DEBUG",
    "thread":"GamePlayer - Sancho 1.61c (9147)",
    "message":"Latch(-ve): ( true ( infectiousness 7 5 roundabout ) )(false)"
  },
  {
    "logger":"org.ggp.base.util.statemachine.implementation.propnet.forwardDeadReckon.ForwardDeadReckonPropnetStateMachine",
    "timestamp":"1449292712951",
    "level":"DEBUG",
    "thread":"GamePlayer - Sancho 1.61c (9147)",
    "message":"Latch(-ve): ( true ( infectiousness 6 4 roundabout ) )(false)"
  },
  {
    "logger":"org.ggp.base.util.statemachine.implementation.propnet.forwardDeadReckon.ForwardDeadReckonPropnetStateMachine",
    "timestamp":"1449292712953",
    "level":"DEBUG",
    "thread":"GamePlayer - Sancho 1.61c (9147)",
    "message":"Latch(-ve): ( true ( infectiousness 8 2 roundabout ) )(false)"
  },
  {
    "logger":"org.ggp.base.util.statemachine.implementation.propnet.forwardDeadReckon.ForwardDeadReckonPropnetStateMachine",
    "timestamp":"1449292712954",
    "level":"DEBUG",
    "thread":"GamePlayer - Sancho 1.61c (9147)",
    "message":"Latch(-ve): ( true ( infectiousness 2 6 roundabout ) )(false)"
  },
  {
    "logger":"org.ggp.base.util.statemachine.implementation.propnet.forwardDeadReckon.ForwardDeadReckonPropnetStateMachine",
    "timestamp":"1449292712956",
    "level":"DEBUG",
    "thread":"GamePlayer - Sancho 1.61c (9147)",
    "message":"Latch(-ve): ( true ( infectiousness 6 2 roundabout ) )(false)"
  },
  {
    "logger":"org.ggp.base.util.statemachine.implementation.propnet.forwardDeadReckon.ForwardDeadReckonPropnetStateMachine",
    "timestamp":"1449292712956",
    "level":"DEBUG",
    "thread":"GamePlayer - Sancho 1.61c (9147)",
    "message":"Latch(-ve): ( true ( infectiousness 3 3 roundabout ) )(false)"
  },
  {
    "logger":"org.ggp.base.util.statemachine.implementation.propnet.forwardDeadReckon.ForwardDeadReckonPropnetStateMachine",
    "timestamp":"1449292712956",
    "level":"DEBUG",
    "thread":"GamePlayer - Sancho 1.61c (9147)",
    "message":"Latch(-ve): ( true ( infectiousness 8 7 roundabout ) )(false)"
  },
  {
    "logger":"org.ggp.base.util.statemachine.implementation.propnet.forwardDeadReckon.ForwardDeadReckonPropnetStateMachine",
    "timestamp":"1449292712957",
    "level":"DEBUG",
    "thread":"GamePlayer - Sancho 1.61c (9147)",
    "message":"Latch(-ve): ( true ( infectiousness 4 8 roundabout ) )(false)"
  },
  {
    "logger":"org.ggp.base.util.statemachine.implementation.propnet.forwardDeadReckon.ForwardDeadReckonPropnetStateMachine",
    "timestamp":"1449292712958",
    "level":"DEBUG",
    "thread":"GamePlayer - Sancho 1.61c (9147)",
    "message":"Latch(-ve): ( true ( infectiousness 3 5 roundabout ) )(false)"
  },
  {
    "logger":"org.ggp.base.util.statemachine.implementation.propnet.forwardDeadReckon.ForwardDeadReckonPropnetStateMachine",
    "timestamp":"1449292712958",
    "level":"INFO",
    "thread":"GamePlayer - Sancho 1.61c (9147)",
    "message":"No positive goal latches"
  },
  {
    "logger":"org.ggp.base.util.statemachine.implementation.propnet.forwardDeadReckon.ForwardDeadReckonPropnetStateMachine",
    "timestamp":"1449292712958",
    "level":"INFO",
    "thread":"GamePlayer - Sancho 1.61c (9147)",
    "message":"No negative goal latches"
  },
  {
    "logger":"org.ggp.base.player.gamer.statemachine.sancho.PayoffMatrixGamePlayer",
    "timestamp":"1449292712958",
    "level":"INFO",
    "thread":"GamePlayer - Sancho 1.61c (9147)",
    "message":"Not suitable for PayoffMatrixGamePlayer: Not a 2-player game"
  },
  {
    "logger":"org.ggp.base.player.gamer.statemachine.sancho.heuristic.CombinedHeuristic",
    "timestamp":"1449292712958",
    "level":"DEBUG",
    "thread":"GamePlayer - Sancho 1.61c (9147)",
    "message":"CombinedHeuristic: Adding PieceHeuristic"
  },
  {
    "logger":"org.ggp.base.player.gamer.statemachine.sancho.heuristic.CombinedHeuristic",
    "timestamp":"1449292712958",
    "level":"DEBUG",
    "thread":"GamePlayer - Sancho 1.61c (9147)",
    "message":"CombinedHeuristic: Adding MajorityGoalsHeuristic"
  },
  {
    "logger":"org.ggp.base.player.gamer.statemachine.sancho.heuristic.CombinedHeuristic",
    "timestamp":"1449292712958",
    "level":"DEBUG",
    "thread":"GamePlayer - Sancho 1.61c (9147)",
    "message":"CombinedHeuristic: Adding GoalsStabilityHeuristic"
  },
  {
    "logger":"org.ggp.base.player.gamer.statemachine.sancho.heuristic.CombinedHeuristic",
    "timestamp":"1449292712958",
    "level":"DEBUG",
    "thread":"GamePlayer - Sancho 1.61c (9147)",
    "message":"CombinedHeuristic: Removing disabled MajorityGoalsHeuristic"
  },
  {
    "logger":"org.ggp.base.player.gamer.statemachine.sancho.Sancho",
    "timestamp":"1449292712973",
    "level":"DEBUG",
    "thread":"GamePlayer - Sancho 1.61c (9147)",
    "message":"Eliminating role control props"
  },
  {
    "logger":"org.ggp.base.player.gamer.statemachine.sancho.Sancho",
    "timestamp":"1449292712973",
    "level":"DEBUG",
    "thread":"GamePlayer - Sancho 1.61c (9147)",
    "message":"Eliminating role control props"
  },
  {
    "logger":"org.ggp.base.player.gamer.statemachine.sancho.Sancho",
    "timestamp":"1449292712973",
    "level":"DEBUG",
    "thread":"GamePlayer - Sancho 1.61c (9147)",
    "message":"Eliminating role control props"
  },
  {
    "logger":"org.ggp.base.player.gamer.statemachine.sancho.Sancho",
    "timestamp":"1449292712973",
    "level":"DEBUG",
    "thread":"GamePlayer - Sancho 1.61c (9147)",
    "message":"Eliminating role control props"
  },
  {
    "logger":"org.ggp.base.player.gamer.statemachine.sancho.heuristic.CombinedHeuristic",
    "timestamp":"1449292713064",
    "level":"DEBUG",
    "thread":"GamePlayer - Sancho 1.61c (9147)",
    "message":"CombinedHeuristic: Removing disabled PieceHeuristic"
  },
  {
    "logger":"org.ggp.base.player.gamer.statemachine.sancho.heuristic.CombinedHeuristic",
    "timestamp":"1449292713064",
    "level":"DEBUG",
    "thread":"GamePlayer - Sancho 1.61c (9147)",
    "message":"CombinedHeuristic: Removing disabled GoalsStabilityHeuristic"
  },
  {
    "logger":"org.ggp.base.player.gamer.statemachine.sancho.heuristic.CombinedHeuristic",
    "timestamp":"1449292713064",
    "level":"INFO",
    "thread":"GamePlayer - Sancho 1.61c (9147)",
    "message":"No heuristics enabled"
  },
  {
    "logger":"org.ggp.base.player.gamer.statemachine.sancho.Sancho",
    "timestamp":"1449292713064",
    "level":"INFO",
    "thread":"GamePlayer - Sancho 1.61c (9147)",
    "message":"Performed 100 simulations to calculate heuristics"
  },
  {
    "logger":"org.ggp.base.util.propnet.polymorphic.forwardDeadReckon.ForwardDeadReckonPropnetFastAnimator",
    "timestamp":"1449292713077",
    "level":"DEBUG",
    "thread":"GamePlayer - Sancho 1.61c (9147)",
    "message":"Animator instance state vector size: 6143"
  },
  {
    "logger":"org.ggp.base.util.propnet.polymorphic.forwardDeadReckon.ForwardDeadReckonPropnetFastAnimator",
    "timestamp":"1449292713093",
    "level":"DEBUG",
    "thread":"GamePlayer - Sancho 1.61c (9147)",
    "message":"Animator instance state vector size: 6215"
  },
  {
    "logger":"org.ggp.base.player.gamer.statemachine.StateMachineGamer",
    "timestamp":"1449292713099",
    "level":"ERROR",
    "thread":"GamePlayer - Sancho 1.61c (9147)",
    "message":"Exception in player during meta-gaming",
    "throwable":"java.lang.NullPointerException\\n"
  },
  {
    "logger":"org.ggp.base.player.gamer.statemachine.sancho.StdOutErrLog",
    "timestamp":"1449292713100",
    "level":"WARN",
    "thread":"GamePlayer - Sancho 1.61c (9147)",
    "message":"[GamePlayer] java.lang.NullPointerException\r\n"
  },
  {
    "logger":"org.ggp.base.player.gamer.statemachine.sancho.StdOutErrLog",
    "timestamp":"1449292713100",
    "level":"WARN",
    "thread":"GamePlayer - Sancho 1.61c (9147)",
    "message":"[GamePlayer] An unhandled exception occurred during metagaming: org.ggp.base.player.gamer.exception.MetaGamingException: java.lang.NullPointerException\r\n\tat org.ggp.base.player.gamer.statemachine.StateMachineGamer.metaGame(StateMachineGamer.java:214)\r\n\tat org.ggp.base.player.request.grammar.StartRequest.process(StartRequest.java:70)\r\n\tat org.ggp.base.player.GamePlayer.run(GamePlayer.java:111)\r\nCaused by: java.lang.NullPointerException\r\n"
  },
  {
    "logger":"org.ggp.base.player.request.factory.RequestFactory",
    "timestamp":"1449292812544",
    "level":"DEBUG",
    "thread":"GamePlayer - Sancho 1.61c (9147)",
    "message":"GGP-Match-Step: 0"
  },
  {
    "logger":"org.ggp.base.player.request.factory.RequestFactory",
    "timestamp":"1449292812544",
    "level":"DEBUG",
    "thread":"GamePlayer - Sancho 1.61c (9147)",
    "message":"GGP-Match-Players: ebf7395e4cdc579ad6ba693f5d81e8823abf1bd1, 31a0266ff46945000b743e6a03df41c5cdd3c556, 254c159afb844c8cf3d7aa80b5b538c1d7683bf5, 0ce66b3bc773d4cf6bb777c3f6825d1bced362c2"
  },
  {
    "logger":"org.ggp.base.player.request.factory.RequestFactory",
    "timestamp":"1449292812544",
    "level":"DEBUG",
    "thread":"GamePlayer - Sancho 1.61c (9147)",
    "message":"GGP-Match-Host: Tiltyard"
  },
  {
    "logger":"org.ggp.base.player.request.factory.RequestFactory",
    "timestamp":"1449292812544",
    "level":"DEBUG",
    "thread":"GamePlayer - Sancho 1.61c (9147)",
    "message":"GGP-Match-ID: tiltyard.battlebrushesv0.1449292687292"
  },
  {
    "logger":"org.ggp.base.player.gamer.statemachine.sancho.StdOutErrLog",
    "timestamp":"1449292812544",
    "level":"WARN",
    "thread":"GamePlayer - Sancho 1.61c (9147)",
    "message":"[GamePlayer] Got play message not intended for current game: ignoring."
  },
  {
    "logger":"org.ggp.base.player.request.factory.RequestFactory",
    "timestamp":"1449292828343",
    "level":"DEBUG",
    "thread":"GamePlayer - Sancho 1.61c (9147)",
    "message":"GGP-Match-Step: 1"
  },
  {
    "logger":"org.ggp.base.player.request.factory.RequestFactory",
    "timestamp":"1449292828343",
    "level":"DEBUG",
    "thread":"GamePlayer - Sancho 1.61c (9147)",
    "message":"GGP-Match-Players: ebf7395e4cdc579ad6ba693f5d81e8823abf1bd1, 31a0266ff46945000b743e6a03df41c5cdd3c556, 254c159afb844c8cf3d7aa80b5b538c1d7683bf5, 0ce66b3bc773d4cf6bb777c3f6825d1bced362c2"
  },
  {
    "logger":"org.ggp.base.player.request.factory.RequestFactory",
    "timestamp":"1449292828343",
    "level":"DEBUG",
    "thread":"GamePlayer - Sancho 1.61c (9147)",
    "message":"GGP-Match-Host: Tiltyard"
  },
  {
    "logger":"org.ggp.base.player.request.factory.RequestFactory",
    "timestamp":"1449292828343",
    "level":"DEBUG",
    "thread":"GamePlayer - Sancho 1.61c (9147)",
    "message":"GGP-Match-ID: tiltyard.battlebrushesv0.1449292687292"
  },
  {
    "logger":"org.ggp.base.player.gamer.statemachine.sancho.StdOutErrLog",
    "timestamp":"1449292828344",
    "level":"WARN",
    "thread":"GamePlayer - Sancho 1.61c (9147)",
    "message":"[GamePlayer] Got play message not intended for current game: ignoring."
  },
  {
    "logger":"org.ggp.base.player.request.factory.RequestFactory",
    "timestamp":"1449292844105",
    "level":"DEBUG",
    "thread":"GamePlayer - Sancho 1.61c (9147)",
    "message":"GGP-Match-Step: 2"
  },
  {
    "logger":"org.ggp.base.player.request.factory.RequestFactory",
    "timestamp":"1449292844105",
    "level":"DEBUG",
    "thread":"GamePlayer - Sancho 1.61c (9147)",
    "message":"GGP-Match-Players: ebf7395e4cdc579ad6ba693f5d81e8823abf1bd1, 31a0266ff46945000b743e6a03df41c5cdd3c556, 254c159afb844c8cf3d7aa80b5b538c1d7683bf5, 0ce66b3bc773d4cf6bb777c3f6825d1bced362c2"
  },
  {
    "logger":"org.ggp.base.player.request.factory.RequestFactory",
    "timestamp":"1449292844105",
    "level":"DEBUG",
    "thread":"GamePlayer - Sancho 1.61c (9147)",
    "message":"GGP-Match-Host: Tiltyard"
  },
  {
    "logger":"org.ggp.base.player.request.factory.RequestFactory",
    "timestamp":"1449292844105",
    "level":"DEBUG",
    "thread":"GamePlayer - Sancho 1.61c (9147)",
    "message":"GGP-Match-ID: tiltyard.battlebrushesv0.1449292687292"
  },
  {
    "logger":"org.ggp.base.player.gamer.statemachine.sancho.StdOutErrLog",
    "timestamp":"1449292844106",
    "level":"WARN",
    "thread":"GamePlayer - Sancho 1.61c (9147)",
    "message":"[GamePlayer] Got play message not intended for current game: ignoring."
  },
  {
    "logger":"org.ggp.base.player.request.factory.RequestFactory",
    "timestamp":"1449292859792",
    "level":"DEBUG",
    "thread":"GamePlayer - Sancho 1.61c (9147)",
    "message":"GGP-Match-Step: 3"
  },
  {
    "logger":"org.ggp.base.player.request.factory.RequestFactory",
    "timestamp":"1449292859792",
    "level":"DEBUG",
    "thread":"GamePlayer - Sancho 1.61c (9147)",
    "message":"GGP-Match-Players: ebf7395e4cdc579ad6ba693f5d81e8823abf1bd1, 31a0266ff46945000b743e6a03df41c5cdd3c556, 254c159afb844c8cf3d7aa80b5b538c1d7683bf5, 0ce66b3bc773d4cf6bb777c3f6825d1bced362c2"
  },
  {
    "logger":"org.ggp.base.player.request.factory.RequestFactory",
    "timestamp":"1449292859792",
    "level":"DEBUG",
    "thread":"GamePlayer - Sancho 1.61c (9147)",
    "message":"GGP-Match-Host: Tiltyard"
  },
  {
    "logger":"org.ggp.base.player.request.factory.RequestFactory",
    "timestamp":"1449292859792",
    "level":"DEBUG",
    "thread":"GamePlayer - Sancho 1.61c (9147)",
    "message":"GGP-Match-ID: tiltyard.battlebrushesv0.1449292687292"
  },
  {
    "logger":"org.ggp.base.player.gamer.statemachine.sancho.StdOutErrLog",
    "timestamp":"1449292859792",
    "level":"WARN",
    "thread":"GamePlayer - Sancho 1.61c (9147)",
    "message":"[GamePlayer] Got play message not intended for current game: ignoring."
  },
  {
    "logger":"org.ggp.base.player.request.factory.RequestFactory",
    "timestamp":"1449292875366",
    "level":"DEBUG",
    "thread":"GamePlayer - Sancho 1.61c (9147)",
    "message":"GGP-Match-Step: 4"
  },
  {
    "logger":"org.ggp.base.player.request.factory.RequestFactory",
    "timestamp":"1449292875366",
    "level":"DEBUG",
    "thread":"GamePlayer - Sancho 1.61c (9147)",
    "message":"GGP-Match-Players: ebf7395e4cdc579ad6ba693f5d81e8823abf1bd1, 31a0266ff46945000b743e6a03df41c5cdd3c556, 254c159afb844c8cf3d7aa80b5b538c1d7683bf5, 0ce66b3bc773d4cf6bb777c3f6825d1bced362c2"
  },
  {
    "logger":"org.ggp.base.player.request.factory.RequestFactory",
    "timestamp":"1449292875366",
    "level":"DEBUG",
    "thread":"GamePlayer - Sancho 1.61c (9147)",
    "message":"GGP-Match-Host: Tiltyard"
  },
  {
    "logger":"org.ggp.base.player.request.factory.RequestFactory",
    "timestamp":"1449292875366",
    "level":"DEBUG",
    "thread":"GamePlayer - Sancho 1.61c (9147)",
    "message":"GGP-Match-ID: tiltyard.battlebrushesv0.1449292687292"
  },
  {
    "logger":"org.ggp.base.player.gamer.statemachine.sancho.StdOutErrLog",
    "timestamp":"1449292875367",
    "level":"WARN",
    "thread":"GamePlayer - Sancho 1.61c (9147)",
    "message":"[GamePlayer] Got play message not intended for current game: ignoring."
  },
  {
    "logger":"org.ggp.base.player.request.factory.RequestFactory",
    "timestamp":"1449292890979",
    "level":"DEBUG",
    "thread":"GamePlayer - Sancho 1.61c (9147)",
    "message":"GGP-Match-Step: 5"
  },
  {
    "logger":"org.ggp.base.player.request.factory.RequestFactory",
    "timestamp":"1449292890979",
    "level":"DEBUG",
    "thread":"GamePlayer - Sancho 1.61c (9147)",
    "message":"GGP-Match-Players: ebf7395e4cdc579ad6ba693f5d81e8823abf1bd1, 31a0266ff46945000b743e6a03df41c5cdd3c556, 254c159afb844c8cf3d7aa80b5b538c1d7683bf5, 0ce66b3bc773d4cf6bb777c3f6825d1bced362c2"
  },
  {
    "logger":"org.ggp.base.player.request.factory.RequestFactory",
    "timestamp":"1449292890979",
    "level":"DEBUG",
    "thread":"GamePlayer - Sancho 1.61c (9147)",
    "message":"GGP-Match-Host: Tiltyard"
  },
  {
    "logger":"org.ggp.base.player.request.factory.RequestFactory",
    "timestamp":"1449292890979",
    "level":"DEBUG",
    "thread":"GamePlayer - Sancho 1.61c (9147)",
    "message":"GGP-Match-ID: tiltyard.battlebrushesv0.1449292687292"
  },
  {
    "logger":"org.ggp.base.player.gamer.statemachine.sancho.StdOutErrLog",
    "timestamp":"1449292890979",
    "level":"WARN",
    "thread":"GamePlayer - Sancho 1.61c (9147)",
    "message":"[GamePlayer] Got play message not intended for current game: ignoring."
  },
  {
    "logger":"org.ggp.base.player.request.factory.RequestFactory",
    "timestamp":"1449292910051",
    "level":"DEBUG",
    "thread":"GamePlayer - Sancho 1.61c (9147)",
    "message":"GGP-Match-Step: 6"
  },
  {
    "logger":"org.ggp.base.player.request.factory.RequestFactory",
    "timestamp":"1449292910051",
    "level":"DEBUG",
    "thread":"GamePlayer - Sancho 1.61c (9147)",
    "message":"GGP-Match-Players: ebf7395e4cdc579ad6ba693f5d81e8823abf1bd1, 31a0266ff46945000b743e6a03df41c5cdd3c556, 254c159afb844c8cf3d7aa80b5b538c1d7683bf5, 0ce66b3bc773d4cf6bb777c3f6825d1bced362c2"
  },
  {
    "logger":"org.ggp.base.player.request.factory.RequestFactory",
    "timestamp":"1449292910051",
    "level":"DEBUG",
    "thread":"GamePlayer - Sancho 1.61c (9147)",
    "message":"GGP-Match-Host: Tiltyard"
  },
  {
    "logger":"org.ggp.base.player.request.factory.RequestFactory",
    "timestamp":"1449292910051",
    "level":"DEBUG",
    "thread":"GamePlayer - Sancho 1.61c (9147)",
    "message":"GGP-Match-ID: tiltyard.battlebrushesv0.1449292687292"
  },
  {
    "logger":"org.ggp.base.player.gamer.statemachine.sancho.StdOutErrLog",
    "timestamp":"1449292910052",
    "level":"WARN",
    "thread":"GamePlayer - Sancho 1.61c (9147)",
    "message":"[GamePlayer] Got play message not intended for current game: ignoring."
  },
  {
    "logger":"org.ggp.base.player.request.factory.RequestFactory",
    "timestamp":"1449292928865",
    "level":"DEBUG",
    "thread":"GamePlayer - Sancho 1.61c (9147)",
    "message":"GGP-Match-Step: 7"
  },
  {
    "logger":"org.ggp.base.player.request.factory.RequestFactory",
    "timestamp":"1449292928865",
    "level":"DEBUG",
    "thread":"GamePlayer - Sancho 1.61c (9147)",
    "message":"GGP-Match-Players: ebf7395e4cdc579ad6ba693f5d81e8823abf1bd1, 31a0266ff46945000b743e6a03df41c5cdd3c556, 254c159afb844c8cf3d7aa80b5b538c1d7683bf5, 0ce66b3bc773d4cf6bb777c3f6825d1bced362c2"
  },
  {
    "logger":"org.ggp.base.player.request.factory.RequestFactory",
    "timestamp":"1449292928865",
    "level":"DEBUG",
    "thread":"GamePlayer - Sancho 1.61c (9147)",
    "message":"GGP-Match-Host: Tiltyard"
  },
  {
    "logger":"org.ggp.base.player.request.factory.RequestFactory",
    "timestamp":"1449292928865",
    "level":"DEBUG",
    "thread":"GamePlayer - Sancho 1.61c (9147)",
    "message":"GGP-Match-ID: tiltyard.battlebrushesv0.1449292687292"
  },
  {
    "logger":"org.ggp.base.player.gamer.statemachine.sancho.StdOutErrLog",
    "timestamp":"1449292928866",
    "level":"WARN",
    "thread":"GamePlayer - Sancho 1.61c (9147)",
    "message":"[GamePlayer] Got play message not intended for current game: ignoring."
  },
  {
    "logger":"org.ggp.base.player.request.factory.RequestFactory",
    "timestamp":"1449292946319",
    "level":"DEBUG",
    "thread":"GamePlayer - Sancho 1.61c (9147)",
    "message":"GGP-Match-Step: 8"
  },
  {
    "logger":"org.ggp.base.player.request.factory.RequestFactory",
    "timestamp":"1449292946319",
    "level":"DEBUG",
    "thread":"GamePlayer - Sancho 1.61c (9147)",
    "message":"GGP-Match-Players: ebf7395e4cdc579ad6ba693f5d81e8823abf1bd1, 31a0266ff46945000b743e6a03df41c5cdd3c556, 254c159afb844c8cf3d7aa80b5b538c1d7683bf5, 0ce66b3bc773d4cf6bb777c3f6825d1bced362c2"
  },
  {
    "logger":"org.ggp.base.player.request.factory.RequestFactory",
    "timestamp":"1449292946319",
    "level":"DEBUG",
    "thread":"GamePlayer - Sancho 1.61c (9147)",
    "message":"GGP-Match-Host: Tiltyard"
  },
  {
    "logger":"org.ggp.base.player.request.factory.RequestFactory",
    "timestamp":"1449292946319",
    "level":"DEBUG",
    "thread":"GamePlayer - Sancho 1.61c (9147)",
    "message":"GGP-Match-ID: tiltyard.battlebrushesv0.1449292687292"
  },
  {
    "logger":"org.ggp.base.player.gamer.statemachine.sancho.StdOutErrLog",
    "timestamp":"1449292946320",
    "level":"WARN",
    "thread":"GamePlayer - Sancho 1.61c (9147)",
    "message":"[GamePlayer] Got play message not intended for current game: ignoring."
  },
  {
    "logger":"org.ggp.base.player.request.factory.RequestFactory",
    "timestamp":"1449292963195",
    "level":"DEBUG",
    "thread":"GamePlayer - Sancho 1.61c (9147)",
    "message":"GGP-Match-Step: 9"
  },
  {
    "logger":"org.ggp.base.player.request.factory.RequestFactory",
    "timestamp":"1449292963195",
    "level":"DEBUG",
    "thread":"GamePlayer - Sancho 1.61c (9147)",
    "message":"GGP-Match-Players: ebf7395e4cdc579ad6ba693f5d81e8823abf1bd1, 31a0266ff46945000b743e6a03df41c5cdd3c556, 254c159afb844c8cf3d7aa80b5b538c1d7683bf5, 0ce66b3bc773d4cf6bb777c3f6825d1bced362c2"
  },
  {
    "logger":"org.ggp.base.player.request.factory.RequestFactory",
    "timestamp":"1449292963195",
    "level":"DEBUG",
    "thread":"GamePlayer - Sancho 1.61c (9147)",
    "message":"GGP-Match-Host: Tiltyard"
  },
  {
    "logger":"org.ggp.base.player.request.factory.RequestFactory",
    "timestamp":"1449292963195",
    "level":"DEBUG",
    "thread":"GamePlayer - Sancho 1.61c (9147)",
    "message":"GGP-Match-ID: tiltyard.battlebrushesv0.1449292687292"
  },
  {
    "logger":"org.ggp.base.player.gamer.statemachine.sancho.StdOutErrLog",
    "timestamp":"1449292963195",
    "level":"WARN",
    "thread":"GamePlayer - Sancho 1.61c (9147)",
    "message":"[GamePlayer] Got play message not intended for current game: ignoring."
  },
  {
    "logger":"org.ggp.base.player.request.factory.RequestFactory",
    "timestamp":"1449292982468",
    "level":"DEBUG",
    "thread":"GamePlayer - Sancho 1.61c (9147)",
    "message":"GGP-Match-Step: 10"
  },
  {
    "logger":"org.ggp.base.player.request.factory.RequestFactory",
    "timestamp":"1449292982468",
    "level":"DEBUG",
    "thread":"GamePlayer - Sancho 1.61c (9147)",
    "message":"GGP-Match-Players: ebf7395e4cdc579ad6ba693f5d81e8823abf1bd1, 31a0266ff46945000b743e6a03df41c5cdd3c556, 254c159afb844c8cf3d7aa80b5b538c1d7683bf5, 0ce66b3bc773d4cf6bb777c3f6825d1bced362c2"
  },
  {
    "logger":"org.ggp.base.player.request.factory.RequestFactory",
    "timestamp":"1449292982468",
    "level":"DEBUG",
    "thread":"GamePlayer - Sancho 1.61c (9147)",
    "message":"GGP-Match-Host: Tiltyard"
  },
  {
    "logger":"org.ggp.base.player.request.factory.RequestFactory",
    "timestamp":"1449292982468",
    "level":"DEBUG",
    "thread":"GamePlayer - Sancho 1.61c (9147)",
    "message":"GGP-Match-ID: tiltyard.battlebrushesv0.1449292687292"
  },
  {
    "logger":"org.ggp.base.player.gamer.statemachine.sancho.StdOutErrLog",
    "timestamp":"1449292982468",
    "level":"WARN",
    "thread":"GamePlayer - Sancho 1.61c (9147)",
    "message":"[GamePlayer] Got play message not intended for current game: ignoring."
  },
  {
    "logger":"org.ggp.base.player.request.factory.RequestFactory",
    "timestamp":"1449292999469",
    "level":"DEBUG",
    "thread":"GamePlayer - Sancho 1.61c (9147)",
    "message":"GGP-Match-Step: 11"
  },
  {
    "logger":"org.ggp.base.player.request.factory.RequestFactory",
    "timestamp":"1449292999469",
    "level":"DEBUG",
    "thread":"GamePlayer - Sancho 1.61c (9147)",
    "message":"GGP-Match-Players: ebf7395e4cdc579ad6ba693f5d81e8823abf1bd1, 31a0266ff46945000b743e6a03df41c5cdd3c556, 254c159afb844c8cf3d7aa80b5b538c1d7683bf5, 0ce66b3bc773d4cf6bb777c3f6825d1bced362c2"
  },
  {
    "logger":"org.ggp.base.player.request.factory.RequestFactory",
    "timestamp":"1449292999469",
    "level":"DEBUG",
    "thread":"GamePlayer - Sancho 1.61c (9147)",
    "message":"GGP-Match-Host: Tiltyard"
  },
  {
    "logger":"org.ggp.base.player.request.factory.RequestFactory",
    "timestamp":"1449292999469",
    "level":"DEBUG",
    "thread":"GamePlayer - Sancho 1.61c (9147)",
    "message":"GGP-Match-ID: tiltyard.battlebrushesv0.1449292687292"
  },
  {
    "logger":"org.ggp.base.player.gamer.statemachine.sancho.StdOutErrLog",
    "timestamp":"1449292999470",
    "level":"WARN",
    "thread":"GamePlayer - Sancho 1.61c (9147)",
    "message":"[GamePlayer] Got play message not intended for current game: ignoring."
  },
  {
    "logger":"org.ggp.base.player.request.factory.RequestFactory",
    "timestamp":"1449293015202",
    "level":"DEBUG",
    "thread":"GamePlayer - Sancho 1.61c (9147)",
    "message":"GGP-Match-Step: 12"
  },
  {
    "logger":"org.ggp.base.player.request.factory.RequestFactory",
    "timestamp":"1449293015202",
    "level":"DEBUG",
    "thread":"GamePlayer - Sancho 1.61c (9147)",
    "message":"GGP-Match-Players: ebf7395e4cdc579ad6ba693f5d81e8823abf1bd1, 31a0266ff46945000b743e6a03df41c5cdd3c556, 254c159afb844c8cf3d7aa80b5b538c1d7683bf5, 0ce66b3bc773d4cf6bb777c3f6825d1bced362c2"
  },
  {
    "logger":"org.ggp.base.player.request.factory.RequestFactory",
    "timestamp":"1449293015202",
    "level":"DEBUG",
    "thread":"GamePlayer - Sancho 1.61c (9147)",
    "message":"GGP-Match-Host: Tiltyard"
  },
  {
    "logger":"org.ggp.base.player.request.factory.RequestFactory",
    "timestamp":"1449293015202",
    "level":"DEBUG",
    "thread":"GamePlayer - Sancho 1.61c (9147)",
    "message":"GGP-Match-ID: tiltyard.battlebrushesv0.1449292687292"
  },
  {
    "logger":"org.ggp.base.player.gamer.statemachine.sancho.StdOutErrLog",
    "timestamp":"1449293015202",
    "level":"WARN",
    "thread":"GamePlayer - Sancho 1.61c (9147)",
    "message":"[GamePlayer] Got play message not intended for current game: ignoring."
  },
  {
    "logger":"org.ggp.base.player.request.factory.RequestFactory",
    "timestamp":"1449293034453",
    "level":"DEBUG",
    "thread":"GamePlayer - Sancho 1.61c (9147)",
    "message":"GGP-Match-Step: 13"
  },
  {
    "logger":"org.ggp.base.player.request.factory.RequestFactory",
    "timestamp":"1449293034453",
    "level":"DEBUG",
    "thread":"GamePlayer - Sancho 1.61c (9147)",
    "message":"GGP-Match-Players: ebf7395e4cdc579ad6ba693f5d81e8823abf1bd1, 31a0266ff46945000b743e6a03df41c5cdd3c556, 254c159afb844c8cf3d7aa80b5b538c1d7683bf5, 0ce66b3bc773d4cf6bb777c3f6825d1bced362c2"
  },
  {
    "logger":"org.ggp.base.player.request.factory.RequestFactory",
    "timestamp":"1449293034453",
    "level":"DEBUG",
    "thread":"GamePlayer - Sancho 1.61c (9147)",
    "message":"GGP-Match-Host: Tiltyard"
  },
  {
    "logger":"org.ggp.base.player.request.factory.RequestFactory",
    "timestamp":"1449293034453",
    "level":"DEBUG",
    "thread":"GamePlayer - Sancho 1.61c (9147)",
    "message":"GGP-Match-ID: tiltyard.battlebrushesv0.1449292687292"
  },
  {
    "logger":"org.ggp.base.player.gamer.statemachine.sancho.StdOutErrLog",
    "timestamp":"1449293034453",
    "level":"WARN",
    "thread":"GamePlayer - Sancho 1.61c (9147)",
    "message":"[GamePlayer] Got play message not intended for current game: ignoring."
  },
  {
    "logger":"org.ggp.base.player.request.factory.RequestFactory",
    "timestamp":"1449293050216",
    "level":"DEBUG",
    "thread":"GamePlayer - Sancho 1.61c (9147)",
    "message":"GGP-Match-Step: 14"
  },
  {
    "logger":"org.ggp.base.player.request.factory.RequestFactory",
    "timestamp":"1449293050216",
    "level":"DEBUG",
    "thread":"GamePlayer - Sancho 1.61c (9147)",
    "message":"GGP-Match-Players: ebf7395e4cdc579ad6ba693f5d81e8823abf1bd1, 31a0266ff46945000b743e6a03df41c5cdd3c556, 254c159afb844c8cf3d7aa80b5b538c1d7683bf5, 0ce66b3bc773d4cf6bb777c3f6825d1bced362c2"
  },
  {
    "logger":"org.ggp.base.player.request.factory.RequestFactory",
    "timestamp":"1449293050216",
    "level":"DEBUG",
    "thread":"GamePlayer - Sancho 1.61c (9147)",
    "message":"GGP-Match-Host: Tiltyard"
  },
  {
    "logger":"org.ggp.base.player.request.factory.RequestFactory",
    "timestamp":"1449293050216",
    "level":"DEBUG",
    "thread":"GamePlayer - Sancho 1.61c (9147)",
    "message":"GGP-Match-ID: tiltyard.battlebrushesv0.1449292687292"
  },
  {
    "logger":"org.ggp.base.player.gamer.statemachine.sancho.StdOutErrLog",
    "timestamp":"1449293050217",
    "level":"WARN",
    "thread":"GamePlayer - Sancho 1.61c (9147)",
    "message":"[GamePlayer] Got play message not intended for current game: ignoring."
  },
  {
    "logger":"org.ggp.base.player.request.factory.RequestFactory",
    "timestamp":"1449293066046",
    "level":"DEBUG",
    "thread":"GamePlayer - Sancho 1.61c (9147)",
    "message":"GGP-Match-Step: 15"
  },
  {
    "logger":"org.ggp.base.player.request.factory.RequestFactory",
    "timestamp":"1449293066046",
    "level":"DEBUG",
    "thread":"GamePlayer - Sancho 1.61c (9147)",
    "message":"GGP-Match-Players: ebf7395e4cdc579ad6ba693f5d81e8823abf1bd1, 31a0266ff46945000b743e6a03df41c5cdd3c556, 254c159afb844c8cf3d7aa80b5b538c1d7683bf5, 0ce66b3bc773d4cf6bb777c3f6825d1bced362c2"
  },
  {
    "logger":"org.ggp.base.player.request.factory.RequestFactory",
    "timestamp":"1449293066046",
    "level":"DEBUG",
    "thread":"GamePlayer - Sancho 1.61c (9147)",
    "message":"GGP-Match-Host: Tiltyard"
  },
  {
    "logger":"org.ggp.base.player.request.factory.RequestFactory",
    "timestamp":"1449293066046",
    "level":"DEBUG",
    "thread":"GamePlayer - Sancho 1.61c (9147)",
    "message":"GGP-Match-ID: tiltyard.battlebrushesv0.1449292687292"
  },
  {
    "logger":"org.ggp.base.player.gamer.statemachine.sancho.StdOutErrLog",
    "timestamp":"1449293066046",
    "level":"WARN",
    "thread":"GamePlayer - Sancho 1.61c (9147)",
    "message":"[GamePlayer] Got play message not intended for current game: ignoring."
  },
  {
    "logger":"org.ggp.base.player.request.factory.RequestFactory",
    "timestamp":"1449293081623",
    "level":"DEBUG",
    "thread":"GamePlayer - Sancho 1.61c (9147)",
    "message":"GGP-Match-Step: 16"
  },
  {
    "logger":"org.ggp.base.player.request.factory.RequestFactory",
    "timestamp":"1449293081623",
    "level":"DEBUG",
    "thread":"GamePlayer - Sancho 1.61c (9147)",
    "message":"GGP-Match-Players: ebf7395e4cdc579ad6ba693f5d81e8823abf1bd1, 31a0266ff46945000b743e6a03df41c5cdd3c556, 254c159afb844c8cf3d7aa80b5b538c1d7683bf5, 0ce66b3bc773d4cf6bb777c3f6825d1bced362c2"
  },
  {
    "logger":"org.ggp.base.player.request.factory.RequestFactory",
    "timestamp":"1449293081623",
    "level":"DEBUG",
    "thread":"GamePlayer - Sancho 1.61c (9147)",
    "message":"GGP-Match-Host: Tiltyard"
  },
  {
    "logger":"org.ggp.base.player.request.factory.RequestFactory",
    "timestamp":"1449293081623",
    "level":"DEBUG",
    "thread":"GamePlayer - Sancho 1.61c (9147)",
    "message":"GGP-Match-ID: tiltyard.battlebrushesv0.1449292687292"
  },
  {
    "logger":"org.ggp.base.player.gamer.statemachine.sancho.StdOutErrLog",
    "timestamp":"1449293081623",
    "level":"WARN",
    "thread":"GamePlayer - Sancho 1.61c (9147)",
    "message":"[GamePlayer] Got play message not intended for current game: ignoring."
  },
  {
    "logger":"org.ggp.base.player.request.factory.RequestFactory",
    "timestamp":"1449293102020",
    "level":"DEBUG",
    "thread":"GamePlayer - Sancho 1.61c (9147)",
    "message":"GGP-Match-Step: 17"
  },
  {
    "logger":"org.ggp.base.player.request.factory.RequestFactory",
    "timestamp":"1449293102020",
    "level":"DEBUG",
    "thread":"GamePlayer - Sancho 1.61c (9147)",
    "message":"GGP-Match-Players: ebf7395e4cdc579ad6ba693f5d81e8823abf1bd1, 31a0266ff46945000b743e6a03df41c5cdd3c556, 254c159afb844c8cf3d7aa80b5b538c1d7683bf5, 0ce66b3bc773d4cf6bb777c3f6825d1bced362c2"
  },
  {
    "logger":"org.ggp.base.player.request.factory.RequestFactory",
    "timestamp":"1449293102020",
    "level":"DEBUG",
    "thread":"GamePlayer - Sancho 1.61c (9147)",
    "message":"GGP-Match-Host: Tiltyard"
  },
  {
    "logger":"org.ggp.base.player.request.factory.RequestFactory",
    "timestamp":"1449293102020",
    "level":"DEBUG",
    "thread":"GamePlayer - Sancho 1.61c (9147)",
    "message":"GGP-Match-ID: tiltyard.battlebrushesv0.1449292687292"
  },
  {
    "logger":"org.ggp.base.player.gamer.statemachine.sancho.StdOutErrLog",
    "timestamp":"1449293102020",
    "level":"WARN",
    "thread":"GamePlayer - Sancho 1.61c (9147)",
    "message":"[GamePlayer] Got play message not intended for current game: ignoring."
  },
  {
    "logger":"org.ggp.base.player.request.factory.RequestFactory",
    "timestamp":"1449293121436",
    "level":"DEBUG",
    "thread":"GamePlayer - Sancho 1.61c (9147)",
    "message":"GGP-Match-Step: 18"
  },
  {
    "logger":"org.ggp.base.player.request.factory.RequestFactory",
    "timestamp":"1449293121436",
    "level":"DEBUG",
    "thread":"GamePlayer - Sancho 1.61c (9147)",
    "message":"GGP-Match-Players: ebf7395e4cdc579ad6ba693f5d81e8823abf1bd1, 31a0266ff46945000b743e6a03df41c5cdd3c556, 254c159afb844c8cf3d7aa80b5b538c1d7683bf5, 0ce66b3bc773d4cf6bb777c3f6825d1bced362c2"
  },
  {
    "logger":"org.ggp.base.player.request.factory.RequestFactory",
    "timestamp":"1449293121436",
    "level":"DEBUG",
    "thread":"GamePlayer - Sancho 1.61c (9147)",
    "message":"GGP-Match-Host: Tiltyard"
  },
  {
    "logger":"org.ggp.base.player.request.factory.RequestFactory",
    "timestamp":"1449293121436",
    "level":"DEBUG",
    "thread":"GamePlayer - Sancho 1.61c (9147)",
    "message":"GGP-Match-ID: tiltyard.battlebrushesv0.1449292687292"
  },
  {
    "logger":"org.ggp.base.player.gamer.statemachine.sancho.StdOutErrLog",
    "timestamp":"1449293121436",
    "level":"WARN",
    "thread":"GamePlayer - Sancho 1.61c (9147)",
    "message":"[GamePlayer] Got play message not intended for current game: ignoring."
  },
  {
    "logger":"org.ggp.base.player.request.factory.RequestFactory",
    "timestamp":"1449293140826",
    "level":"DEBUG",
    "thread":"GamePlayer - Sancho 1.61c (9147)",
    "message":"GGP-Match-Step: 19"
  },
  {
    "logger":"org.ggp.base.player.request.factory.RequestFactory",
    "timestamp":"1449293140826",
    "level":"DEBUG",
    "thread":"GamePlayer - Sancho 1.61c (9147)",
    "message":"GGP-Match-Players: ebf7395e4cdc579ad6ba693f5d81e8823abf1bd1, 31a0266ff46945000b743e6a03df41c5cdd3c556, 254c159afb844c8cf3d7aa80b5b538c1d7683bf5, 0ce66b3bc773d4cf6bb777c3f6825d1bced362c2"
  },
  {
    "logger":"org.ggp.base.player.request.factory.RequestFactory",
    "timestamp":"1449293140826",
    "level":"DEBUG",
    "thread":"GamePlayer - Sancho 1.61c (9147)",
    "message":"GGP-Match-Host: Tiltyard"
  },
  {
    "logger":"org.ggp.base.player.request.factory.RequestFactory",
    "timestamp":"1449293140826",
    "level":"DEBUG",
    "thread":"GamePlayer - Sancho 1.61c (9147)",
    "message":"GGP-Match-ID: tiltyard.battlebrushesv0.1449292687292"
  },
  {
    "logger":"org.ggp.base.player.gamer.statemachine.sancho.StdOutErrLog",
    "timestamp":"1449293140826",
    "level":"WARN",
    "thread":"GamePlayer - Sancho 1.61c (9147)",
    "message":"[GamePlayer] Got stop message not intended for current game: ignoring."
  }