  {
    "logger":"org.ggp.base.player.request.factory.RequestFactory",
    "timestamp":"1449291730946",
    "level":"INFO",
    "thread":"GamePlayer - Sancho 1.61c (9147)",
    "message":"======================================================"
  },
  {
    "logger":"org.ggp.base.player.request.factory.RequestFactory",
    "timestamp":"1449291730946",
    "level":"INFO",
    "thread":"GamePlayer - Sancho 1.61c (9147)",
    "message":"Beginning new game: tiltyard.battlebrushesv0.1449291725915"
  },
  {
    "logger":"org.ggp.base.player.request.factory.RequestFactory",
    "timestamp":"1449291730946",
    "level":"INFO",
    "thread":"GamePlayer - Sancho 1.61c (9147)",
    "message":"Logs available at:  http:\/\/localhost:9199\/localview\/tiltyard.battlebrushesv0.1449291725915"
  },
  {
    "logger":"org.ggp.base.player.request.factory.RequestFactory",
    "timestamp":"1449291730946",
    "level":"DEBUG",
    "thread":"GamePlayer - Sancho 1.61c (9147)",
    "message":"GGP-Match-Step: 0"
  },
  {
    "logger":"org.ggp.base.player.request.factory.RequestFactory",
    "timestamp":"1449291730946",
    "level":"DEBUG",
    "thread":"GamePlayer - Sancho 1.61c (9147)",
    "message":"GGP-Match-Players: 254c159afb844c8cf3d7aa80b5b538c1d7683bf5, 0ce66b3bc773d4cf6bb777c3f6825d1bced362c2, 1c8f126601bbe8bfbdf94440d8266e02e5245279, ebf7395e4cdc579ad6ba693f5d81e8823abf1bd1"
  },
  {
    "logger":"org.ggp.base.player.request.factory.RequestFactory",
    "timestamp":"1449291730946",
    "level":"DEBUG",
    "thread":"GamePlayer - Sancho 1.61c (9147)",
    "message":"GGP-Match-Host: Tiltyard"
  },
  {
    "logger":"org.ggp.base.player.request.factory.RequestFactory",
    "timestamp":"1449291730946",
    "level":"DEBUG",
    "thread":"GamePlayer - Sancho 1.61c (9147)",
    "message":"GGP-Match-ID: tiltyard.battlebrushesv0.1449291725915"
  },
  {
    "logger":"org.ggp.base.util.game.GDLTranslator",
    "timestamp":"1449291730950",
    "level":"INFO",
    "thread":"GamePlayer - Sancho 1.61c (9147)",
    "message":"Looks like a game of 1449284653598"
  },
  {
    "logger":"org.ggp.base.player.gamer.statemachine.sancho.Sancho",
    "timestamp":"1449291730953",
    "level":"ERROR",
    "thread":"GamePlayer - Sancho 1.61c (9147)",
    "message":"Watchdog exists at start of new match"
  },
  {
    "logger":"org.ggp.base.player.gamer.statemachine.sancho.Watchdog",
    "timestamp":"1449291735954",
    "level":"INFO",
    "thread":"GamePlayer - Sancho 1.61c (9147)",
    "message":"Stop the watchdog"
  },
  {
    "logger":"org.ggp.base.player.gamer.statemachine.sancho.Watchdog",
    "timestamp":"1449291735954",
    "level":"INFO",
    "thread":"GamePlayer - Sancho 1.61c (9147)",
    "message":"Watchdog terminated"
  },
  {
    "logger":"org.ggp.base.player.gamer.statemachine.sancho.Sancho",
    "timestamp":"1449291735954",
    "level":"INFO",
    "thread":"GamePlayer - Sancho 1.61c (9147)",
    "message":"Tidy-up complete"
  },
  {
    "logger":"org.ggp.base.player.gamer.statemachine.sancho.Watchdog",
    "timestamp":"1449291735954",
    "level":"DEBUG",
    "thread":"GamePlayer - Sancho 1.61c (9147)",
    "message":"Watchdog won't fire until: 1449292335954"
  },
  {
    "logger":"org.ggp.base.util.statemachine.implementation.propnet.forwardDeadReckon.ForwardDeadReckonPropnetStateMachine",
    "timestamp":"1449291736359",
    "level":"DEBUG",
    "thread":"GamePlayer - Sancho 1.61c (9147)",
    "message":"GDL\n( role distanced )\n( role molestations )\n( role hypothermia )\n( role budgeting )\n( toughened 2 2 )\n( toughened 2 7 )\n( toughened 7 2 )\n( toughened 7 7 )\n( <= ( init ( infectiousness ?apologetics ?suprisingly roundabout ) ) ( temptress ?apologetics ) ( temptress ?suprisingly ) ( not ( toughened ?apologetics ?suprisingly ) ) )\n( init ( infectiousness 2 2 distanced ) )\n( init ( infectiousness 2 7 molestations ) )\n( init ( infectiousness 7 2 hypothermia ) )\n( init ( infectiousness 7 7 budgeting ) )\n( init ( marathons workflows 2 2 ) )\n( init ( marathons downgrade 2 7 ) )\n( init ( marathons dutifully 7 2 ) )\n( init ( marathons covariate 7 7 ) )\n( intraoperatively distanced workflows )\n( intraoperatively molestations downgrade )\n( intraoperatively hypothermia dutifully )\n( intraoperatively budgeting covariate )\n( <= ( next ( infectiousness ?apologetics ?suprisingly ?aerodynamically ) ) ( magellanic ?apologetics ?suprisingly ?aerodynamically ) )\n( <= ( magellanic ?apologetics ?suprisingly ?periodicities ) ( true ( infectiousness ?apologetics ?suprisingly ?periodicities ) ) ( not ( does distanced ( moonshiner ?apologetics ?suprisingly ) ) ) ( not ( does molestations ( moonshiner ?apologetics ?suprisingly ) ) ) ( not ( does hypothermia ( moonshiner ?apologetics ?suprisingly ) ) ) ( not ( does budgeting ( moonshiner ?apologetics ?suprisingly ) ) ) )\n( <= ( magellanic ?apologetics ?suprisingly ?periodicities ) ( true ( infectiousness ?apologetics ?suprisingly ?periodicities ) ) ( role ?schizophrenic ) ( does ?schizophrenic ( moonshiner ?apologetics ?suprisingly ) ) ( role ?technical ) ( distinct ?schizophrenic ?technical ) ( does ?technical ( moonshiner ?apologetics ?suprisingly ) ) )\n( <= ( magellanic ?apologetics ?suprisingly distanced ) ( does distanced ( moonshiner ?apologetics ?suprisingly ) ) ( not ( does molestations ( moonshiner ?apologetics ?suprisingly ) ) ) ( not ( does hypothermia ( moonshiner ?apologetics ?suprisingly ) ) ) ( not ( does budgeting ( moonshiner ?apologetics ?suprisingly ) ) ) )\n( <= ( magellanic ?apologetics ?suprisingly molestations ) ( does molestations ( moonshiner ?apologetics ?suprisingly ) ) ( not ( does distanced ( moonshiner ?apologetics ?suprisingly ) ) ) ( not ( does hypothermia ( moonshiner ?apologetics ?suprisingly ) ) ) ( not ( does budgeting ( moonshiner ?apologetics ?suprisingly ) ) ) )\n( <= ( magellanic ?apologetics ?suprisingly hypothermia ) ( does hypothermia ( moonshiner ?apologetics ?suprisingly ) ) ( not ( does distanced ( moonshiner ?apologetics ?suprisingly ) ) ) ( not ( does molestations ( moonshiner ?apologetics ?suprisingly ) ) ) ( not ( does budgeting ( moonshiner ?apologetics ?suprisingly ) ) ) )\n( <= ( magellanic ?apologetics ?suprisingly budgeting ) ( does budgeting ( moonshiner ?apologetics ?suprisingly ) ) ( not ( does distanced ( moonshiner ?apologetics ?suprisingly ) ) ) ( not ( does molestations ( moonshiner ?apologetics ?suprisingly ) ) ) ( not ( does hypothermia ( moonshiner ?apologetics ?suprisingly ) ) ) )\n( <= ( legal ?schizophrenic ( moonshiner ?apologetics ?suprisingly ) ) ( role ?schizophrenic ) ( not ( true ( schoolyards ?schizophrenic 1 ) ) ) ( not ( true ( schoolyards ?schizophrenic 0 ) ) ) ( true ( infectiousness ?apologetics ?suprisingly ?periodicities ) ) ( not ( disembodiment ?apologetics ?suprisingly ) ) ( intraoperatively ?schizophrenic ?befuddled ) ( true ( marathons ?befuddled ?humiliating ?halfpipes ) ) ( overnights ?apologetics ?suprisingly ?humiliating ?halfpipes ) )\n( <= ( disembodiment ?apologetics ?suprisingly ) ( true ( marathons ?befuddled ?apologetics ?suprisingly ) ) )\n( <= ( legal ?schizophrenic assimilated ) ( true ( schoolyards ?schizophrenic ?rededicated ) ) )\n( <= ( legal ?schizophrenic assimilated ) ( intraoperatively ?schizophrenic ?befuddled ) ( true ( marathons ?befuddled ?apologetics ?suprisingly ) ) ( not ( civilised ?apologetics ?suprisingly ) ) )\n( <= ( civilised ?apologetics ?suprisingly ) ( overnights ?apologetics ?suprisingly ?rearranged ?fasciitis ) ( not ( disembodiment ?rearranged ?fasciitis ) ) )\n( <= ( overnights ?apologetics ?suprisingly ?apologetics ?halfpipes ) ( temptress ?apologetics ) ( spreadsheets ?suprisingly ?halfpipes ) )\n( <= ( overnights ?apologetics ?suprisingly ?apologetics ?halfpipes ) ( temptress ?apologetics ) ( spreadsheets ?halfpipes ?suprisingly ) )\n( <= ( overnights ?apologetics ?suprisingly ?humiliating ?suprisingly ) ( temptress ?suprisingly ) ( spreadsheets ?apologetics ?humiliating ) )\n( <= ( overnights ?apologetics ?suprisingly ?humiliating ?suprisingly ) ( temptress ?suprisingly ) ( spreadsheets ?humiliating ?apologetics ) )\n( <= ( next ( marathons workflows ?apologetics ?suprisingly ) ) ( does distanced ( moonshiner ?apologetics ?suprisingly ) ) ( not ( does molestations ( moonshiner ?apologetics ?suprisingly ) ) ) ( not ( does hypothermia ( moonshiner ?apologetics ?suprisingly ) ) ) ( not ( does budgeting ( moonshiner ?apologetics ?suprisingly ) ) ) )\n( <= ( next ( marathons downgrade ?apologetics ?suprisingly ) ) ( does molestations ( moonshiner ?apologetics ?suprisingly ) ) ( not ( does distanced ( moonshiner ?apologetics ?suprisingly ) ) ) ( not ( does hypothermia ( moonshiner ?apologetics ?suprisingly ) ) ) ( not ( does budgeting ( moonshiner ?apologetics ?suprisingly ) ) ) )\n( <= ( next ( marathons dutifully ?apologetics ?suprisingly ) ) ( does hypothermia ( moonshiner ?apologetics ?suprisingly ) ) ( not ( does distanced ( moonshiner ?apologetics ?suprisingly ) ) ) ( not ( does molestations ( moonshiner ?apologetics ?suprisingly ) ) ) ( not ( does budgeting ( moonshiner ?apologetics ?suprisingly ) ) ) )\n( <= ( next ( marathons covariate ?apologetics ?suprisingly ) ) ( does budgeting ( moonshiner ?apologetics ?suprisingly ) ) ( not ( does distanced ( moonshiner ?apologetics ?suprisingly ) ) ) ( not ( does molestations ( moonshiner ?apologetics ?suprisingly ) ) ) ( not ( does hypothermia ( moonshiner ?apologetics ?suprisingly ) ) ) )\n( <= ( next ( marathons ?befuddled ?apologetics ?suprisingly ) ) ( role ?schizophrenic ) ( intraoperatively ?schizophrenic ?befuddled ) ( true ( marathons ?befuddled ?apologetics ?suprisingly ) ) ( carnivals ?schizophrenic ) )\n( <= ( next ( marathons ?befuddled ?apologetics ?suprisingly ) ) ( role ?schizophrenic ) ( intraoperatively ?schizophrenic ?befuddled ) ( true ( marathons ?befuddled ?apologetics ?suprisingly ) ) ( does ?schizophrenic assimilated ) )\n( <= ( next ( schoolyards ?schizophrenic 1 ) ) ( carnivals ?schizophrenic ) )\n( <= ( next ( schoolyards ?schizophrenic 0 ) ) ( true ( schoolyards ?schizophrenic 1 ) ) )\n( <= ( carnivals ?schizophrenic ) ( role ?schizophrenic ) ( does ?schizophrenic ( moonshiner ?humiliating ?halfpipes ) ) ( role ?technical ) ( distinct ?schizophrenic ?technical ) ( does ?technical ( moonshiner ?humiliating ?halfpipes ) ) )\n( spreadsheets 1 2 )\n( spreadsheets 2 3 )\n( spreadsheets 3 4 )\n( spreadsheets 4 5 )\n( spreadsheets 5 6 )\n( spreadsheets 6 7 )\n( spreadsheets 7 8 )\n( <= ( homelands ?irresistibly ?technical ?unskilled ) ( role ?irresistibly ) ( role ?technical ) ( role ?unskilled ) ( distinct ?irresistibly ?technical ) ( distinct ?irresistibly ?unskilled ) ( distinct ?technical ?unskilled ) )\n( calculated -1 0 )\n( calculated 0 1 )\n( <= ( lawfulness ?rededicated ?concomitantly ) ( calculated ?concomitantly ?rededicated ) )\n( <= ( lawfulness ?rededicated ?concomitantly ) ( calculated ?crewmates ?rededicated ) ( lawfulness ?crewmates ?concomitantly ) )\n( calculated 1 2 )\n( calculated 2 3 )\n( calculated 3 4 )\n( calculated 4 5 )\n( calculated 5 6 )\n( calculated 6 7 )\n( calculated 7 8 )\n( calculated 8 9 )\n( calculated 9 10 )\n( calculated 10 11 )\n( calculated 11 12 )\n( calculated 12 13 )\n( calculated 13 14 )\n( calculated 14 15 )\n( calculated 15 16 )\n( calculated 16 17 )\n( calculated 17 18 )\n( calculated 18 19 )\n( calculated 19 20 )\n( <= ( phantasms distanced ?intervenor ) ( sprinkling distanced ?intervenor 1 1 ) )\n( <= ( phantasms molestations ?intervenor ) ( sprinkling molestations ?intervenor 1 1 ) )\n( <= ( phantasms hypothermia ?intervenor ) ( sprinkling hypothermia ?intervenor 1 1 ) )\n( <= ( phantasms budgeting ?intervenor ) ( sprinkling budgeting ?intervenor 1 1 ) )\n( <= ( sprinkling ?schizophrenic ?metalepsis ?apologetics ?suprisingly ) ( true ( infectiousness ?apologetics ?suprisingly ?schizophrenic ) ) ( spreadsheets ?suprisingly ?fasciitis ) ( sprinkling ?schizophrenic ?intervenor ?apologetics ?fasciitis ) ( calculated ?intervenor ?metalepsis ) )\n( <= ( sprinkling ?schizophrenic ?metalepsis ?apologetics 8 ) ( true ( infectiousness ?apologetics 8 ?schizophrenic ) ) ( spreadsheets ?apologetics ?rearranged ) ( sprinkling ?schizophrenic ?intervenor ?rearranged 1 ) ( calculated ?intervenor ?metalepsis ) )\n( <= ( sprinkling ?schizophrenic ?intervenor ?apologetics ?suprisingly ) ( temptress ?apologetics ) ( temptress ?suprisingly ) ( role ?schizophrenic ) ( not ( true ( infectiousness ?apologetics ?suprisingly ?schizophrenic ) ) ) ( spreadsheets ?suprisingly ?fasciitis ) ( sprinkling ?schizophrenic ?intervenor ?apologetics ?fasciitis ) )\n( <= ( sprinkling ?schizophrenic ?intervenor ?apologetics 8 ) ( temptress ?apologetics ) ( role ?schizophrenic ) ( not ( true ( infectiousness ?apologetics 8 ?schizophrenic ) ) ) ( spreadsheets ?apologetics ?rearranged ) ( sprinkling ?schizophrenic ?intervenor ?rearranged 1 ) )\n( <= ( sprinkling ?schizophrenic 1 8 8 ) ( true ( infectiousness 8 8 ?schizophrenic ) ) )\n( <= ( sprinkling ?schizophrenic 0 8 8 ) ( role ?schizophrenic ) ( not ( true ( infectiousness 8 8 ?schizophrenic ) ) ) )\n( init ( immigrations 1 ) )\n( <= ( next ( immigrations ?concomitantly ) ) ( true ( immigrations ?rededicated ) ) ( calculated ?rededicated ?concomitantly ) )\n( <= terminal ( true ( immigrations 20 ) ) )\n( temptress 1 )\n( temptress 2 )\n( temptress 3 )\n( temptress 4 )\n( temptress 5 )\n( temptress 6 )\n( temptress 7 )\n( temptress 8 )\n( <= ( workhorse ?irresistibly ?technical ) ( phantasms ?irresistibly ?rededicated ) ( phantasms ?technical ?rededicated ) ( distinct ?irresistibly ?technical ) )\n( <= ( faculties ?irresistibly ?technical ) ( phantasms ?irresistibly ?pineapple ) ( phantasms ?technical ?concomitantly ) ( lawfulness ?pineapple ?concomitantly ) )\n( <= ( goal ?schizophrenic 100 ) ( true ( immigrations 20 ) ) ( faculties ?schizophrenic ?technical ) ( faculties ?schizophrenic ?unskilled ) ( faculties ?schizophrenic ?defaulted ) ( homelands ?technical ?unskilled ?defaulted ) )\n( <= ( goal ?schizophrenic 50 ) ( true ( immigrations 20 ) ) ( faculties ?technical ?schizophrenic ) ( faculties ?schizophrenic ?unskilled ) ( faculties ?schizophrenic ?defaulted ) ( distinct ?unskilled ?defaulted ) )\n( <= ( goal ?schizophrenic 25 ) ( true ( immigrations 20 ) ) ( faculties ?technical ?schizophrenic ) ( faculties ?unskilled ?schizophrenic ) ( distinct ?technical ?unskilled ) ( faculties ?schizophrenic ?defaulted ) )\n( <= ( goal ?schizophrenic 0 ) ( true ( immigrations 20 ) ) ( faculties ?technical ?schizophrenic ) ( faculties ?unskilled ?schizophrenic ) ( faculties ?defaulted ?schizophrenic ) ( homelands ?technical ?unskilled ?defaulted ) )\n( <= ( goal ?schizophrenic 75 ) ( true ( immigrations 20 ) ) ( workhorse ?schizophrenic ?technical ) ( faculties ?schizophrenic ?unskilled ) ( faculties ?schizophrenic ?defaulted ) ( distinct ?unskilled ?defaulted ) )\n( <= ( goal ?schizophrenic 66 ) ( true ( immigrations 20 ) ) ( workhorse ?schizophrenic ?technical ) ( workhorse ?schizophrenic ?unskilled ) ( distinct ?technical ?unskilled ) ( faculties ?schizophrenic ?defaulted ) )\n( <= ( goal ?schizophrenic 50 ) ( true ( immigrations 20 ) ) ( workhorse ?schizophrenic ?technical ) ( workhorse ?schizophrenic ?unskilled ) ( workhorse ?schizophrenic ?defaulted ) ( homelands ?technical ?unskilled ?defaulted ) )\n( <= ( goal ?schizophrenic 33 ) ( true ( immigrations 20 ) ) ( workhorse ?schizophrenic ?technical ) ( faculties ?unskilled ?schizophrenic ) ( faculties ?schizophrenic ?defaulted ) )\n( <= ( goal ?schizophrenic 25 ) ( true ( immigrations 20 ) ) ( workhorse ?schizophrenic ?technical ) ( workhorse ?schizophrenic ?unskilled ) ( distinct ?technical ?unskilled ) ( faculties ?defaulted ?schizophrenic ) )\n( <= ( goal ?schizophrenic 12 ) ( true ( immigrations 20 ) ) ( workhorse ?schizophrenic ?technical ) ( faculties ?unskilled ?schizophrenic ) ( faculties ?defaulted ?schizophrenic ) ( distinct ?unskilled ?defaulted ) )\n( <= ( goal ?schizophrenic 0 ) ( role ?schizophrenic ) ( not ( true ( immigrations 20 ) ) ) )\n( <= ( base ( infectiousness ?apologetics ?suprisingly roundabout ) ) ( temptress ?apologetics ) ( temptress ?suprisingly ) ( not ( toughened ?apologetics ?suprisingly ) ) )\n( <= ( base ( infectiousness ?apologetics ?suprisingly ?hypercompetitive ) ) ( temptress ?apologetics ) ( temptress ?suprisingly ) ( role ?hypercompetitive ) )\n( <= ( base ( marathons ?pumpkinseed ?apologetics ?suprisingly ) ) ( intraoperatively ?trapezium ?pumpkinseed ) ( temptress ?apologetics ) ( temptress ?suprisingly ) )\n( <= ( base ( schoolyards ?schizophrenic 1 ) ) ( role ?schizophrenic ) )\n( <= ( base ( schoolyards ?schizophrenic 0 ) ) ( role ?schizophrenic ) )\n( <= ( base ( immigrations ?concomitantly ) ) ( calculated ?rededicated ?concomitantly ) )\n( <= ( input ?schizophrenic ( moonshiner ?apologetics ?suprisingly ) ) ( role ?schizophrenic ) ( temptress ?apologetics ) ( temptress ?suprisingly ) )\n( <= ( input ?schizophrenic assimilated ) ( role ?schizophrenic ) )\n"
  },
  {
    "logger":"org.ggp.base.util.propnet.polymorphic.factory.OptimizingPolymorphicPropNetFactory",
    "timestamp":"1449291736359",
    "level":"DEBUG",
    "thread":"GamePlayer - Sancho 1.61c (9147)",
    "message":"Building propnet"
  },
  {
    "logger":"org.ggp.base.util.statemachine.implementation.propnet.forwardDeadReckon.ForwardDeadReckonPropnetStateMachine",
    "timestamp":"1449291736951",
    "level":"DEBUG",
    "thread":"GamePlayer - Sancho 1.61c (9147)",
    "message":"Num components after anon prop removal: 25909"
  },
  {
    "logger":"org.ggp.base.util.propnet.polymorphic.factory.OptimizingPolymorphicPropNetFactory",
    "timestamp":"1449291737551",
    "level":"INFO",
    "thread":"GamePlayer - Sancho 1.61c (9147)",
    "message":"Filler move set: [( does molestations assimilated )]"
  },
  {
    "logger":"org.ggp.base.util.propnet.polymorphic.factory.OptimizingPolymorphicPropNetFactory",
    "timestamp":"1449291737621",
    "level":"DEBUG",
    "thread":"GamePlayer - Sancho 1.61c (9147)",
    "message":"Removed 0 irrelevant propositions"
  },
  {
    "logger":"org.ggp.base.util.statemachine.implementation.propnet.forwardDeadReckon.ForwardDeadReckonPropnetStateMachine",
    "timestamp":"1449291737656",
    "level":"DEBUG",
    "thread":"GamePlayer - Sancho 1.61c (9147)",
    "message":"Num components after unreachable removal: 24928"
  },
  {
    "logger":"org.ggp.base.util.propnet.polymorphic.factory.OptimizingPolymorphicPropNetFactory",
    "timestamp":"1449291737713",
    "level":"DEBUG",
    "thread":"GamePlayer - Sancho 1.61c (9147)",
    "message":"Removed 545 redundant components"
  },
  {
    "logger":"org.ggp.base.util.statemachine.implementation.propnet.forwardDeadReckon.ForwardDeadReckonPropnetStateMachine",
    "timestamp":"1449291737747",
    "level":"DEBUG",
    "thread":"GamePlayer - Sancho 1.61c (9147)",
    "message":"Num components after first pass redundant components removal: 24385"
  },
  {
    "logger":"org.ggp.base.util.propnet.polymorphic.factory.OptimizingPolymorphicPropNetFactory",
    "timestamp":"1449291737751",
    "level":"DEBUG",
    "thread":"GamePlayer - Sancho 1.61c (9147)",
    "message":"Net components removed by input->output factorization: -45"
  },
  {
    "logger":"org.ggp.base.util.propnet.polymorphic.factory.OptimizingPolymorphicPropNetFactory",
    "timestamp":"1449291737751",
    "level":"WARN",
    "thread":"GamePlayer - Sancho 1.61c (9147)",
    "message":"Unexpected growth in size from factorization"
  },
  {
    "logger":"org.ggp.base.util.propnet.polymorphic.factory.OptimizingPolymorphicPropNetFactory",
    "timestamp":"1449291737791",
    "level":"DEBUG",
    "thread":"GamePlayer - Sancho 1.61c (9147)",
    "message":"Fanout reduction by factorization of size: 146 at a cost of 16 gates"
  },
  {
    "logger":"org.ggp.base.util.statemachine.implementation.propnet.forwardDeadReckon.ForwardDeadReckonPropnetStateMachine",
    "timestamp":"1449291737827",
    "level":"DEBUG",
    "thread":"GamePlayer - Sancho 1.61c (9147)",
    "message":"Num components after large gate refactoring: 24446"
  },
  {
    "logger":"org.ggp.base.util.propnet.polymorphic.factory.OptimizingPolymorphicPropNetFactory",
    "timestamp":"1449291737848",
    "level":"DEBUG",
    "thread":"GamePlayer - Sancho 1.61c (9147)",
    "message":"Removed 3005 duplicate components"
  },
  {
    "logger":"org.ggp.base.util.statemachine.implementation.propnet.forwardDeadReckon.ForwardDeadReckonPropnetStateMachine",
    "timestamp":"1449291737848",
    "level":"DEBUG",
    "thread":"GamePlayer - Sancho 1.61c (9147)",
    "message":"Num components after duplicate removal: 21441"
  },
  {
    "logger":"org.ggp.base.util.statemachine.implementation.propnet.forwardDeadReckon.ForwardDeadReckonPropnetStateMachine",
    "timestamp":"1449291737853",
    "level":"DEBUG",
    "thread":"GamePlayer - Sancho 1.61c (9147)",
    "message":"Num components after input set optimization: 21441"
  },
  {
    "logger":"org.ggp.base.util.statemachine.implementation.propnet.forwardDeadReckon.ForwardDeadReckonPropnetStateMachine",
    "timestamp":"1449291737865",
    "level":"DEBUG",
    "thread":"GamePlayer - Sancho 1.61c (9147)",
    "message":"Num components after inverted input optimization: 21529"
  },
  {
    "logger":"org.ggp.base.util.propnet.polymorphic.factory.OptimizingPolymorphicPropNetFactory",
    "timestamp":"1449291737901",
    "level":"DEBUG",
    "thread":"GamePlayer - Sancho 1.61c (9147)",
    "message":"Removed 148 redundant components"
  },
  {
    "logger":"org.ggp.base.util.statemachine.implementation.propnet.forwardDeadReckon.ForwardDeadReckonPropnetStateMachine",
    "timestamp":"1449291737901",
    "level":"DEBUG",
    "thread":"GamePlayer - Sancho 1.61c (9147)",
    "message":"Num components after further removal of redundant components: 21383"
  },
  {
    "logger":"org.ggp.base.util.statemachine.implementation.propnet.forwardDeadReckon.ForwardDeadReckonPropnetStateMachine",
    "timestamp":"1449291737938",
    "level":"DEBUG",
    "thread":"GamePlayer - Sancho 1.61c (9147)",
    "message":"Num components: 21383 with an average of 2 inputs."
  },
  {
    "logger":"org.ggp.base.util.statemachine.implementation.propnet.forwardDeadReckon.ForwardDeadReckonPropnetStateMachine",
    "timestamp":"1449291737938",
    "level":"DEBUG",
    "thread":"GamePlayer - Sancho 1.61c (9147)",
    "message":"Num multi-input components: 18950 with an average of 2 inputs."
  },
  {
    "logger":"org.ggp.base.util.propnet.polymorphic.forwardDeadReckon.ForwardDeadReckonPropnetFastAnimator",
    "timestamp":"1449291737970",
    "level":"DEBUG",
    "thread":"GamePlayer - Sancho 1.61c (9147)",
    "message":"Animator instance state vector size: 22321"
  },
  {
    "logger":"org.ggp.base.util.statemachine.implementation.propnet.forwardDeadReckon.FactorAnalyser",
    "timestamp":"1449291737984",
    "level":"INFO",
    "thread":"GamePlayer - Sancho 1.61c (9147)",
    "message":"Performing factor analysis"
  },
  {
    "logger":"org.ggp.base.util.statemachine.implementation.propnet.forwardDeadReckon.FactorAnalyser",
    "timestamp":"1449291746119",
    "level":"INFO",
    "thread":"GamePlayer - Sancho 1.61c (9147)",
    "message":"Control set: [( true ( immigrations 1 ) )(false), ( true ( immigrations 8 ) )(false), ( true ( immigrations 12 ) )(false), ( true ( immigrations 18 ) )(false), ( true ( immigrations 16 ) )(false), ( true ( immigrations 13 ) )(false), ( true ( immigrations 3 ) )(false), ( true ( immigrations 5 ) )(false), ( true ( immigrations 9 ) )(false), ( true ( immigrations 11 ) )(false), ( true ( immigrations 2 ) )(false), ( true ( immigrations 17 ) )(false), ( true ( immigrations 10 ) )(false), ( true ( immigrations 6 ) )(false), ( true ( immigrations 14 ) )(false), ( true ( immigrations 15 ) )(false), ( true ( immigrations 20 ) )(false), ( true ( immigrations 7 ) )(false), ( true ( immigrations 4 ) )(false), ( true ( immigrations 19 ) )(false)]"
  },
  {
    "logger":"org.ggp.base.util.statemachine.implementation.propnet.forwardDeadReckon.ForwardDeadReckonPropnetStateMachine",
    "timestamp":"1449291746354",
    "level":"INFO",
    "thread":"GamePlayer - Sancho 1.61c (9147)",
    "message":"Reducing with respect to XSentence: ( true ( marathons covariate 7 7 ) )"
  },
  {
    "logger":"org.ggp.base.util.propnet.polymorphic.factory.OptimizingPolymorphicPropNetFactory",
    "timestamp":"1449291746355",
    "level":"DEBUG",
    "thread":"GamePlayer - Sancho 1.61c (9147)",
    "message":"Hardwire base prop ( true ( marathons covariate 7 7 ) ) to value: true"
  },
  {
    "logger":"org.ggp.base.util.propnet.polymorphic.factory.OptimizingPolymorphicPropNetFactory",
    "timestamp":"1449291746666",
    "level":"DEBUG",
    "thread":"GamePlayer - Sancho 1.61c (9147)",
    "message":"Removed 35 redundant components"
  },
  {
    "logger":"org.ggp.base.util.propnet.polymorphic.factory.OptimizingPolymorphicPropNetFactory",
    "timestamp":"1449291746979",
    "level":"DEBUG",
    "thread":"GamePlayer - Sancho 1.61c (9147)",
    "message":"Removed 5 redundant components"
  },
  {
    "logger":"org.ggp.base.util.propnet.polymorphic.factory.OptimizingPolymorphicPropNetFactory",
    "timestamp":"1449291747237",
    "level":"DEBUG",
    "thread":"GamePlayer - Sancho 1.61c (9147)",
    "message":"Removed 5 redundant components"
  },
  {
    "logger":"org.ggp.base.util.statemachine.implementation.propnet.forwardDeadReckon.ForwardDeadReckonPropnetStateMachine",
    "timestamp":"1449291747237",
    "level":"DEBUG",
    "thread":"GamePlayer - Sancho 1.61c (9147)",
    "message":"Reverting OSentence optimizations"
  },
  {
    "logger":"org.ggp.base.util.propnet.polymorphic.factory.OptimizingPolymorphicPropNetFactory",
    "timestamp":"1449291747296",
    "level":"DEBUG",
    "thread":"GamePlayer - Sancho 1.61c (9147)",
    "message":"Hardwire base prop ( true ( marathons covariate 7 7 ) ) to value: true"
  },
  {
    "logger":"org.ggp.base.util.propnet.polymorphic.factory.OptimizingPolymorphicPropNetFactory",
    "timestamp":"1449291747619",
    "level":"DEBUG",
    "thread":"GamePlayer - Sancho 1.61c (9147)",
    "message":"Removed 35 redundant components"
  },
  {
    "logger":"org.ggp.base.util.propnet.polymorphic.factory.OptimizingPolymorphicPropNetFactory",
    "timestamp":"1449291747998",
    "level":"DEBUG",
    "thread":"GamePlayer - Sancho 1.61c (9147)",
    "message":"Removed 5 redundant components"
  },
  {
    "logger":"org.ggp.base.util.propnet.polymorphic.factory.OptimizingPolymorphicPropNetFactory",
    "timestamp":"1449291748259",
    "level":"DEBUG",
    "thread":"GamePlayer - Sancho 1.61c (9147)",
    "message":"Removed 5 redundant components"
  },
  {
    "logger":"org.ggp.base.util.propnet.polymorphic.factory.OptimizingPolymorphicPropNetFactory",
    "timestamp":"1449291748259",
    "level":"DEBUG",
    "thread":"GamePlayer - Sancho 1.61c (9147)",
    "message":"Hardwire base prop ( true ( marathons covariate 7 7 ) ) to value: false"
  },
  {
    "logger":"org.ggp.base.util.propnet.polymorphic.factory.OptimizingPolymorphicPropNetFactory",
    "timestamp":"1449291748531",
    "level":"DEBUG",
    "thread":"GamePlayer - Sancho 1.61c (9147)",
    "message":"Removed 27 redundant components"
  },
  {
    "logger":"org.ggp.base.util.propnet.polymorphic.factory.OptimizingPolymorphicPropNetFactory",
    "timestamp":"1449291748798",
    "level":"DEBUG",
    "thread":"GamePlayer - Sancho 1.61c (9147)",
    "message":"Removed 5 redundant components"
  },
  {
    "logger":"org.ggp.base.util.statemachine.implementation.propnet.forwardDeadReckon.ForwardDeadReckonPropnetStateMachine",
    "timestamp":"1449291748873",
    "level":"DEBUG",
    "thread":"GamePlayer - Sancho 1.61c (9147)",
    "message":"Num components remaining in X-net: 21220"
  },
  {
    "logger":"org.ggp.base.util.statemachine.implementation.propnet.forwardDeadReckon.ForwardDeadReckonPropnetStateMachine",
    "timestamp":"1449291748873",
    "level":"DEBUG",
    "thread":"GamePlayer - Sancho 1.61c (9147)",
    "message":"Num components remaining in O-net: 21288"
  },
  {
    "logger":"org.ggp.base.util.propnet.polymorphic.factory.OptimizingPolymorphicPropNetFactory",
    "timestamp":"1449291749879",
    "level":"DEBUG",
    "thread":"GamePlayer - Sancho 1.61c (9147)",
    "message":"Removed 14392 redundant components"
  },
  {
    "logger":"org.ggp.base.util.propnet.polymorphic.factory.OptimizingPolymorphicPropNetFactory",
    "timestamp":"1449291749897",
    "level":"DEBUG",
    "thread":"GamePlayer - Sancho 1.61c (9147)",
    "message":"Removed 5 redundant components"
  },
  {
    "logger":"org.ggp.base.util.propnet.polymorphic.factory.OptimizingPolymorphicPropNetFactory",
    "timestamp":"1449291750835",
    "level":"DEBUG",
    "thread":"GamePlayer - Sancho 1.61c (9147)",
    "message":"Removed 14392 redundant components"
  },
  {
    "logger":"org.ggp.base.util.propnet.polymorphic.factory.OptimizingPolymorphicPropNetFactory",
    "timestamp":"1449291750853",
    "level":"DEBUG",
    "thread":"GamePlayer - Sancho 1.61c (9147)",
    "message":"Removed 5 redundant components"
  },
  {
    "logger":"org.ggp.base.util.propnet.polymorphic.factory.OptimizingPolymorphicPropNetFactory",
    "timestamp":"1449291751213",
    "level":"DEBUG",
    "thread":"GamePlayer - Sancho 1.61c (9147)",
    "message":"Removed 19562 redundant components"
  },
  {
    "logger":"org.ggp.base.util.propnet.polymorphic.factory.OptimizingPolymorphicPropNetFactory",
    "timestamp":"1449291751215",
    "level":"DEBUG",
    "thread":"GamePlayer - Sancho 1.61c (9147)",
    "message":"Removed 2 redundant components"
  },
  {
    "logger":"org.ggp.base.util.propnet.polymorphic.factory.OptimizingPolymorphicPropNetFactory",
    "timestamp":"1449291751216",
    "level":"DEBUG",
    "thread":"GamePlayer - Sancho 1.61c (9147)",
    "message":"Removed 2 redundant components"
  },
  {
    "logger":"org.ggp.base.util.propnet.polymorphic.factory.OptimizingPolymorphicPropNetFactory",
    "timestamp":"1449291751469",
    "level":"DEBUG",
    "thread":"GamePlayer - Sancho 1.61c (9147)",
    "message":"Removed 5175 redundant components"
  },
  {
    "logger":"org.ggp.base.util.propnet.polymorphic.factory.OptimizingPolymorphicPropNetFactory",
    "timestamp":"1449291751480",
    "level":"DEBUG",
    "thread":"GamePlayer - Sancho 1.61c (9147)",
    "message":"Removed 2 redundant components"
  },
  {
    "logger":"org.ggp.base.util.propnet.polymorphic.factory.OptimizingPolymorphicPropNetFactory",
    "timestamp":"1449291751490",
    "level":"DEBUG",
    "thread":"GamePlayer - Sancho 1.61c (9147)",
    "message":"Removed 2 redundant components"
  },
  {
    "logger":"org.ggp.base.util.statemachine.implementation.propnet.forwardDeadReckon.ForwardDeadReckonPropnetStateMachine",
    "timestamp":"1449291751533",
    "level":"INFO",
    "thread":"GamePlayer - Sancho 1.61c (9147)",
    "message":"Num components in goal-less X-net: 6801"
  },
  {
    "logger":"org.ggp.base.util.statemachine.implementation.propnet.forwardDeadReckon.ForwardDeadReckonPropnetStateMachine",
    "timestamp":"1449291751533",
    "level":"INFO",
    "thread":"GamePlayer - Sancho 1.61c (9147)",
    "message":"Num components in goal-less O-net: 6869"
  },
  {
    "logger":"org.ggp.base.util.statemachine.implementation.propnet.forwardDeadReckon.ForwardDeadReckonPropnetStateMachine",
    "timestamp":"1449291751533",
    "level":"INFO",
    "thread":"GamePlayer - Sancho 1.61c (9147)",
    "message":"Num components in goal net:        14677"
  },
  {
    "logger":"org.ggp.base.util.statemachine.implementation.propnet.forwardDeadReckon.ForwardDeadReckonPropnetStateMachine",
    "timestamp":"1449291751533",
    "level":"INFO",
    "thread":"GamePlayer - Sancho 1.61c (9147)",
    "message":"Num components in terminality net: 2"
  },
  {
    "logger":"org.ggp.base.util.propnet.polymorphic.forwardDeadReckon.ForwardDeadReckonPropnetFastAnimator",
    "timestamp":"1449291751573",
    "level":"DEBUG",
    "thread":"GamePlayer - Sancho 1.61c (9147)",
    "message":"Animator instance state vector size: 22193"
  },
  {
    "logger":"org.ggp.base.util.propnet.polymorphic.forwardDeadReckon.ForwardDeadReckonPropnetFastAnimator",
    "timestamp":"1449291751625",
    "level":"DEBUG",
    "thread":"GamePlayer - Sancho 1.61c (9147)",
    "message":"Animator instance state vector size: 22261"
  },
  {
    "logger":"org.ggp.base.util.propnet.polymorphic.forwardDeadReckon.ForwardDeadReckonPropnetFastAnimator",
    "timestamp":"1449291751664",
    "level":"DEBUG",
    "thread":"GamePlayer - Sancho 1.61c (9147)",
    "message":"Animator instance state vector size: 16043"
  },
  {
    "logger":"org.ggp.base.util.propnet.polymorphic.forwardDeadReckon.ForwardDeadReckonPropnetFastAnimator",
    "timestamp":"1449291751673",
    "level":"DEBUG",
    "thread":"GamePlayer - Sancho 1.61c (9147)",
    "message":"Animator instance state vector size: 0"
  },
  {
    "logger":"org.ggp.base.player.gamer.statemachine.sancho.Sancho",
    "timestamp":"1449291751676",
    "level":"INFO",
    "thread":"GamePlayer - Sancho 1.61c (9147)",
    "message":"This is Sancho 1.61c with last commit 4d47cf5cac0eef6da0f3980fa03cf0c8017d5675"
  },
  {
    "logger":"org.ggp.base.player.gamer.statemachine.sancho.MachineSpecificConfiguration",
    "timestamp":"1449291751676",
    "level":"INFO",
    "thread":"GamePlayer - Sancho 1.61c (9147)",
    "message":"Running with machine-specific properties:"
  },
  {
    "logger":"org.ggp.base.player.gamer.statemachine.sancho.MachineSpecificConfiguration",
    "timestamp":"1449291751676",
    "level":"INFO",
    "thread":"GamePlayer - Sancho 1.61c (9147)",
    "message":"\tSAFETY_MARGIN = 3300 (default: 2500)"
  },
  {
    "logger":"org.ggp.base.player.gamer.statemachine.sancho.MachineSpecificConfiguration",
    "timestamp":"1449291751676",
    "level":"INFO",
    "thread":"GamePlayer - Sancho 1.61c (9147)",
    "message":"\tWC_LOCATION = C:\/Personal\/Projects\/GGP\/ggp-base (default: null)"
  },
  {
    "logger":"org.ggp.base.player.gamer.statemachine.sancho.MachineSpecificConfiguration",
    "timestamp":"1449291751676",
    "level":"INFO",
    "thread":"GamePlayer - Sancho 1.61c (9147)",
    "message":"\tCPU_INTENSIVE_THREADS = 4 (default: -1)"
  },
  {
    "logger":"org.ggp.base.player.gamer.statemachine.sancho.MachineSpecificConfiguration",
    "timestamp":"1449291751676",
    "level":"INFO",
    "thread":"GamePlayer - Sancho 1.61c (9147)",
    "message":"\tUSE_AFFINITY = false (default: true)"
  },
  {
    "logger":"org.ggp.base.player.gamer.statemachine.sancho.Sancho",
    "timestamp":"1449291751688",
    "level":"INFO",
    "thread":"GamePlayer - Sancho 1.61c (9147)",
    "message":"Start clock: 120s"
  },
  {
    "logger":"org.ggp.base.player.gamer.statemachine.sancho.Sancho",
    "timestamp":"1449291751688",
    "level":"INFO",
    "thread":"GamePlayer - Sancho 1.61c (9147)",
    "message":"Play clock:  15s"
  },
  {
    "logger":"org.ggp.base.player.gamer.statemachine.sancho.Sancho",
    "timestamp":"1449291751688",
    "level":"INFO",
    "thread":"GamePlayer - Sancho 1.61c (9147)",
    "message":"We are:      molestations"
  },
  {
    "logger":"org.ggp.base.util.statemachine.implementation.propnet.forwardDeadReckon.ForwardDeadReckonPropnetStateMachine",
    "timestamp":"1449291751689",
    "level":"DEBUG",
    "thread":"GamePlayer - Sancho 1.61c (9147)",
    "message":"Latch(-ve): ( true ( infectiousness 4 4 roundabout ) )(false)"
  },
  {
    "logger":"org.ggp.base.util.statemachine.implementation.propnet.forwardDeadReckon.ForwardDeadReckonPropnetStateMachine",
    "timestamp":"1449291751702",
    "level":"DEBUG",
    "thread":"GamePlayer - Sancho 1.61c (9147)",
    "message":"Latch(-ve): ( true ( infectiousness 3 4 roundabout ) )(false)"
  },
  {
    "logger":"org.ggp.base.util.statemachine.implementation.propnet.forwardDeadReckon.ForwardDeadReckonPropnetStateMachine",
    "timestamp":"1449291751702",
    "level":"DEBUG",
    "thread":"GamePlayer - Sancho 1.61c (9147)",
    "message":"Latch(-ve): ( true ( infectiousness 2 3 roundabout ) )(false)"
  },
  {
    "logger":"org.ggp.base.util.statemachine.implementation.propnet.forwardDeadReckon.ForwardDeadReckonPropnetStateMachine",
    "timestamp":"1449291751702",
    "level":"DEBUG",
    "thread":"GamePlayer - Sancho 1.61c (9147)",
    "message":"Latch(-ve): ( true ( infectiousness 7 3 roundabout ) )(false)"
  },
  {
    "logger":"org.ggp.base.util.statemachine.implementation.propnet.forwardDeadReckon.ForwardDeadReckonPropnetStateMachine",
    "timestamp":"1449291751704",
    "level":"DEBUG",
    "thread":"GamePlayer - Sancho 1.61c (9147)",
    "message":"Latch(-ve): ( true ( infectiousness 4 5 roundabout ) )(false)"
  },
  {
    "logger":"org.ggp.base.util.statemachine.implementation.propnet.forwardDeadReckon.ForwardDeadReckonPropnetStateMachine",
    "timestamp":"1449291751704",
    "level":"DEBUG",
    "thread":"GamePlayer - Sancho 1.61c (9147)",
    "message":"Latch(-ve): ( true ( infectiousness 1 6 roundabout ) )(false)"
  },
  {
    "logger":"org.ggp.base.util.statemachine.implementation.propnet.forwardDeadReckon.ForwardDeadReckonPropnetStateMachine",
    "timestamp":"1449291751706",
    "level":"DEBUG",
    "thread":"GamePlayer - Sancho 1.61c (9147)",
    "message":"Latch(-ve): ( true ( infectiousness 7 1 roundabout ) )(false)"
  },
  {
    "logger":"org.ggp.base.util.statemachine.implementation.propnet.forwardDeadReckon.ForwardDeadReckonPropnetStateMachine",
    "timestamp":"1449291751707",
    "level":"DEBUG",
    "thread":"GamePlayer - Sancho 1.61c (9147)",
    "message":"Latch(-ve): ( true ( infectiousness 5 2 roundabout ) )(false)"
  },
  {
    "logger":"org.ggp.base.util.statemachine.implementation.propnet.forwardDeadReckon.ForwardDeadReckonPropnetStateMachine",
    "timestamp":"1449291751708",
    "level":"DEBUG",
    "thread":"GamePlayer - Sancho 1.61c (9147)",
    "message":"Latch(-ve): ( true ( infectiousness 3 7 roundabout ) )(false)"
  },
  {
    "logger":"org.ggp.base.util.statemachine.implementation.propnet.forwardDeadReckon.ForwardDeadReckonPropnetStateMachine",
    "timestamp":"1449291751712",
    "level":"DEBUG",
    "thread":"GamePlayer - Sancho 1.61c (9147)",
    "message":"Latch(-ve): ( true ( infectiousness 6 4 roundabout ) )(false)"
  },
  {
    "logger":"org.ggp.base.util.statemachine.implementation.propnet.forwardDeadReckon.ForwardDeadReckonPropnetStateMachine",
    "timestamp":"1449291751713",
    "level":"DEBUG",
    "thread":"GamePlayer - Sancho 1.61c (9147)",
    "message":"Latch(-ve): ( true ( infectiousness 5 8 roundabout ) )(false)"
  },
  {
    "logger":"org.ggp.base.util.statemachine.implementation.propnet.forwardDeadReckon.ForwardDeadReckonPropnetStateMachine",
    "timestamp":"1449291751713",
    "level":"DEBUG",
    "thread":"GamePlayer - Sancho 1.61c (9147)",
    "message":"Latch(-ve): ( true ( infectiousness 3 1 roundabout ) )(false)"
  },
  {
    "logger":"org.ggp.base.util.statemachine.implementation.propnet.forwardDeadReckon.ForwardDeadReckonPropnetStateMachine",
    "timestamp":"1449291751714",
    "level":"DEBUG",
    "thread":"GamePlayer - Sancho 1.61c (9147)",
    "message":"Latch(-ve): ( true ( infectiousness 4 7 roundabout ) )(false)"
  },
  {
    "logger":"org.ggp.base.util.statemachine.implementation.propnet.forwardDeadReckon.ForwardDeadReckonPropnetStateMachine",
    "timestamp":"1449291751715",
    "level":"DEBUG",
    "thread":"GamePlayer - Sancho 1.61c (9147)",
    "message":"Latch(-ve): ( true ( infectiousness 1 4 roundabout ) )(false)"
  },
  {
    "logger":"org.ggp.base.util.statemachine.implementation.propnet.forwardDeadReckon.ForwardDeadReckonPropnetStateMachine",
    "timestamp":"1449291751715",
    "level":"DEBUG",
    "thread":"GamePlayer - Sancho 1.61c (9147)",
    "message":"Latch(-ve): ( true ( infectiousness 3 2 roundabout ) )(false)"
  },
  {
    "logger":"org.ggp.base.util.statemachine.implementation.propnet.forwardDeadReckon.ForwardDeadReckonPropnetStateMachine",
    "timestamp":"1449291751715",
    "level":"DEBUG",
    "thread":"GamePlayer - Sancho 1.61c (9147)",
    "message":"Latch(-ve): ( true ( infectiousness 8 1 roundabout ) )(false)"
  },
  {
    "logger":"org.ggp.base.util.statemachine.implementation.propnet.forwardDeadReckon.ForwardDeadReckonPropnetStateMachine",
    "timestamp":"1449291751716",
    "level":"DEBUG",
    "thread":"GamePlayer - Sancho 1.61c (9147)",
    "message":"Latch(-ve): ( true ( infectiousness 6 5 roundabout ) )(false)"
  },
  {
    "logger":"org.ggp.base.util.statemachine.implementation.propnet.forwardDeadReckon.ForwardDeadReckonPropnetStateMachine",
    "timestamp":"1449291751717",
    "level":"DEBUG",
    "thread":"GamePlayer - Sancho 1.61c (9147)",
    "message":"Latch(-ve): ( true ( infectiousness 6 2 roundabout ) )(false)"
  },
  {
    "logger":"org.ggp.base.util.statemachine.implementation.propnet.forwardDeadReckon.ForwardDeadReckonPropnetStateMachine",
    "timestamp":"1449291751717",
    "level":"DEBUG",
    "thread":"GamePlayer - Sancho 1.61c (9147)",
    "message":"Latch(-ve): ( true ( infectiousness 7 8 roundabout ) )(false)"
  },
  {
    "logger":"org.ggp.base.util.statemachine.implementation.propnet.forwardDeadReckon.ForwardDeadReckonPropnetStateMachine",
    "timestamp":"1449291751717",
    "level":"DEBUG",
    "thread":"GamePlayer - Sancho 1.61c (9147)",
    "message":"Latch(-ve): ( true ( infectiousness 3 3 roundabout ) )(false)"
  },
  {
    "logger":"org.ggp.base.util.statemachine.implementation.propnet.forwardDeadReckon.ForwardDeadReckonPropnetStateMachine",
    "timestamp":"1449291751720",
    "level":"INFO",
    "thread":"GamePlayer - Sancho 1.61c (9147)",
    "message":"No positive goal latches"
  },
  {
    "logger":"org.ggp.base.util.statemachine.implementation.propnet.forwardDeadReckon.ForwardDeadReckonPropnetStateMachine",
    "timestamp":"1449291751720",
    "level":"INFO",
    "thread":"GamePlayer - Sancho 1.61c (9147)",
    "message":"No negative goal latches"
  },
  {
    "logger":"org.ggp.base.player.gamer.statemachine.sancho.PayoffMatrixGamePlayer",
    "timestamp":"1449291751720",
    "level":"INFO",
    "thread":"GamePlayer - Sancho 1.61c (9147)",
    "message":"Not suitable for PayoffMatrixGamePlayer: Not a 2-player game"
  },
  {
    "logger":"org.ggp.base.player.gamer.statemachine.sancho.heuristic.CombinedHeuristic",
    "timestamp":"1449291751720",
    "level":"DEBUG",
    "thread":"GamePlayer - Sancho 1.61c (9147)",
    "message":"CombinedHeuristic: Adding PieceHeuristic"
  },
  {
    "logger":"org.ggp.base.player.gamer.statemachine.sancho.heuristic.CombinedHeuristic",
    "timestamp":"1449291751720",
    "level":"DEBUG",
    "thread":"GamePlayer - Sancho 1.61c (9147)",
    "message":"CombinedHeuristic: Adding MajorityGoalsHeuristic"
  },
  {
    "logger":"org.ggp.base.player.gamer.statemachine.sancho.heuristic.CombinedHeuristic",
    "timestamp":"1449291751720",
    "level":"DEBUG",
    "thread":"GamePlayer - Sancho 1.61c (9147)",
    "message":"CombinedHeuristic: Adding GoalsStabilityHeuristic"
  },
  {
    "logger":"org.ggp.base.player.gamer.statemachine.sancho.heuristic.CombinedHeuristic",
    "timestamp":"1449291751720",
    "level":"DEBUG",
    "thread":"GamePlayer - Sancho 1.61c (9147)",
    "message":"CombinedHeuristic: Removing disabled MajorityGoalsHeuristic"
  },
  {
    "logger":"org.ggp.base.player.gamer.statemachine.sancho.Sancho",
    "timestamp":"1449291751770",
    "level":"DEBUG",
    "thread":"GamePlayer - Sancho 1.61c (9147)",
    "message":"Eliminating role control props"
  },
  {
    "logger":"org.ggp.base.player.gamer.statemachine.sancho.Sancho",
    "timestamp":"1449291751770",
    "level":"DEBUG",
    "thread":"GamePlayer - Sancho 1.61c (9147)",
    "message":"Eliminating role control props"
  },
  {
    "logger":"org.ggp.base.player.gamer.statemachine.sancho.Sancho",
    "timestamp":"1449291751770",
    "level":"DEBUG",
    "thread":"GamePlayer - Sancho 1.61c (9147)",
    "message":"Eliminating role control props"
  },
  {
    "logger":"org.ggp.base.player.gamer.statemachine.sancho.Sancho",
    "timestamp":"1449291751770",
    "level":"DEBUG",
    "thread":"GamePlayer - Sancho 1.61c (9147)",
    "message":"Eliminating role control props"
  },
  {
    "logger":"org.ggp.base.player.gamer.statemachine.sancho.heuristic.CombinedHeuristic",
    "timestamp":"1449291751825",
    "level":"DEBUG",
    "thread":"GamePlayer - Sancho 1.61c (9147)",
    "message":"CombinedHeuristic: Removing disabled PieceHeuristic"
  },
  {
    "logger":"org.ggp.base.player.gamer.statemachine.sancho.heuristic.CombinedHeuristic",
    "timestamp":"1449291751825",
    "level":"DEBUG",
    "thread":"GamePlayer - Sancho 1.61c (9147)",
    "message":"CombinedHeuristic: Removing disabled GoalsStabilityHeuristic"
  },
  {
    "logger":"org.ggp.base.player.gamer.statemachine.sancho.heuristic.CombinedHeuristic",
    "timestamp":"1449291751825",
    "level":"INFO",
    "thread":"GamePlayer - Sancho 1.61c (9147)",
    "message":"No heuristics enabled"
  },
  {
    "logger":"org.ggp.base.player.gamer.statemachine.sancho.Sancho",
    "timestamp":"1449291751825",
    "level":"INFO",
    "thread":"GamePlayer - Sancho 1.61c (9147)",
    "message":"Performed 100 simulations to calculate heuristics"
  },
  {
    "logger":"org.ggp.base.util.propnet.polymorphic.forwardDeadReckon.ForwardDeadReckonPropnetFastAnimator",
    "timestamp":"1449291751838",
    "level":"DEBUG",
    "thread":"GamePlayer - Sancho 1.61c (9147)",
    "message":"Animator instance state vector size: 6145"
  },
  {
    "logger":"org.ggp.base.util.propnet.polymorphic.forwardDeadReckon.ForwardDeadReckonPropnetFastAnimator",
    "timestamp":"1449291751855",
    "level":"DEBUG",
    "thread":"GamePlayer - Sancho 1.61c (9147)",
    "message":"Animator instance state vector size: 6217"
  },
  {
    "logger":"org.ggp.base.player.gamer.statemachine.StateMachineGamer",
    "timestamp":"1449291751861",
    "level":"ERROR",
    "thread":"GamePlayer - Sancho 1.61c (9147)",
    "message":"Exception in player during meta-gaming",
    "throwable":"java.lang.NullPointerException\\n"
  },
  {
    "logger":"org.ggp.base.player.gamer.statemachine.sancho.StdOutErrLog",
    "timestamp":"1449291751861",
    "level":"WARN",
    "thread":"GamePlayer - Sancho 1.61c (9147)",
    "message":"[GamePlayer] java.lang.NullPointerException\r\n"
  },
  {
    "logger":"org.ggp.base.player.gamer.statemachine.sancho.StdOutErrLog",
    "timestamp":"1449291751862",
    "level":"WARN",
    "thread":"GamePlayer - Sancho 1.61c (9147)",
    "message":"[GamePlayer] An unhandled exception occurred during metagaming: org.ggp.base.player.gamer.exception.MetaGamingException: java.lang.NullPointerException\r\n\tat org.ggp.base.player.gamer.statemachine.StateMachineGamer.metaGame(StateMachineGamer.java:214)\r\n\tat org.ggp.base.player.request.grammar.StartRequest.process(StartRequest.java:70)\r\n\tat org.ggp.base.player.GamePlayer.run(GamePlayer.java:111)\r\nCaused by: java.lang.NullPointerException\r\n"
  },
  {
    "logger":"org.ggp.base.player.request.factory.RequestFactory",
    "timestamp":"1449291851417",
    "level":"DEBUG",
    "thread":"GamePlayer - Sancho 1.61c (9147)",
    "message":"GGP-Match-Step: 0"
  },
  {
    "logger":"org.ggp.base.player.request.factory.RequestFactory",
    "timestamp":"1449291851417",
    "level":"DEBUG",
    "thread":"GamePlayer - Sancho 1.61c (9147)",
    "message":"GGP-Match-Players: 254c159afb844c8cf3d7aa80b5b538c1d7683bf5, 0ce66b3bc773d4cf6bb777c3f6825d1bced362c2, 1c8f126601bbe8bfbdf94440d8266e02e5245279, ebf7395e4cdc579ad6ba693f5d81e8823abf1bd1"
  },
  {
    "logger":"org.ggp.base.player.request.factory.RequestFactory",
    "timestamp":"1449291851417",
    "level":"DEBUG",
    "thread":"GamePlayer - Sancho 1.61c (9147)",
    "message":"GGP-Match-Host: Tiltyard"
  },
  {
    "logger":"org.ggp.base.player.request.factory.RequestFactory",
    "timestamp":"1449291851417",
    "level":"DEBUG",
    "thread":"GamePlayer - Sancho 1.61c (9147)",
    "message":"GGP-Match-ID: tiltyard.battlebrushesv0.1449291725915"
  },
  {
    "logger":"org.ggp.base.player.gamer.statemachine.sancho.StdOutErrLog",
    "timestamp":"1449291851417",
    "level":"WARN",
    "thread":"GamePlayer - Sancho 1.61c (9147)",
    "message":"[GamePlayer] Got play message not intended for current game: ignoring."
  },
  {
    "logger":"org.ggp.base.player.request.factory.RequestFactory",
    "timestamp":"1449291867063",
    "level":"DEBUG",
    "thread":"GamePlayer - Sancho 1.61c (9147)",
    "message":"GGP-Match-Step: 1"
  },
  {
    "logger":"org.ggp.base.player.request.factory.RequestFactory",
    "timestamp":"1449291867063",
    "level":"DEBUG",
    "thread":"GamePlayer - Sancho 1.61c (9147)",
    "message":"GGP-Match-Players: 254c159afb844c8cf3d7aa80b5b538c1d7683bf5, 0ce66b3bc773d4cf6bb777c3f6825d1bced362c2, 1c8f126601bbe8bfbdf94440d8266e02e5245279, ebf7395e4cdc579ad6ba693f5d81e8823abf1bd1"
  },
  {
    "logger":"org.ggp.base.player.request.factory.RequestFactory",
    "timestamp":"1449291867063",
    "level":"DEBUG",
    "thread":"GamePlayer - Sancho 1.61c (9147)",
    "message":"GGP-Match-Host: Tiltyard"
  },
  {
    "logger":"org.ggp.base.player.request.factory.RequestFactory",
    "timestamp":"1449291867063",
    "level":"DEBUG",
    "thread":"GamePlayer - Sancho 1.61c (9147)",
    "message":"GGP-Match-ID: tiltyard.battlebrushesv0.1449291725915"
  },
  {
    "logger":"org.ggp.base.player.gamer.statemachine.sancho.StdOutErrLog",
    "timestamp":"1449291867064",
    "level":"WARN",
    "thread":"GamePlayer - Sancho 1.61c (9147)",
    "message":"[GamePlayer] Got play message not intended for current game: ignoring."
  },
  {
    "logger":"org.ggp.base.player.request.factory.RequestFactory",
    "timestamp":"1449291882542",
    "level":"DEBUG",
    "thread":"GamePlayer - Sancho 1.61c (9147)",
    "message":"GGP-Match-Step: 2"
  },
  {
    "logger":"org.ggp.base.player.request.factory.RequestFactory",
    "timestamp":"1449291882542",
    "level":"DEBUG",
    "thread":"GamePlayer - Sancho 1.61c (9147)",
    "message":"GGP-Match-Players: 254c159afb844c8cf3d7aa80b5b538c1d7683bf5, 0ce66b3bc773d4cf6bb777c3f6825d1bced362c2, 1c8f126601bbe8bfbdf94440d8266e02e5245279, ebf7395e4cdc579ad6ba693f5d81e8823abf1bd1"
  },
  {
    "logger":"org.ggp.base.player.request.factory.RequestFactory",
    "timestamp":"1449291882542",
    "level":"DEBUG",
    "thread":"GamePlayer - Sancho 1.61c (9147)",
    "message":"GGP-Match-Host: Tiltyard"
  },
  {
    "logger":"org.ggp.base.player.request.factory.RequestFactory",
    "timestamp":"1449291882542",
    "level":"DEBUG",
    "thread":"GamePlayer - Sancho 1.61c (9147)",
    "message":"GGP-Match-ID: tiltyard.battlebrushesv0.1449291725915"
  },
  {
    "logger":"org.ggp.base.player.gamer.statemachine.sancho.StdOutErrLog",
    "timestamp":"1449291882542",
    "level":"WARN",
    "thread":"GamePlayer - Sancho 1.61c (9147)",
    "message":"[GamePlayer] Got play message not intended for current game: ignoring."
  },
  {
    "logger":"org.ggp.base.player.request.factory.RequestFactory",
    "timestamp":"1449291898633",
    "level":"DEBUG",
    "thread":"GamePlayer - Sancho 1.61c (9147)",
    "message":"GGP-Match-Step: 3"
  },
  {
    "logger":"org.ggp.base.player.request.factory.RequestFactory",
    "timestamp":"1449291898633",
    "level":"DEBUG",
    "thread":"GamePlayer - Sancho 1.61c (9147)",
    "message":"GGP-Match-Players: 254c159afb844c8cf3d7aa80b5b538c1d7683bf5, 0ce66b3bc773d4cf6bb777c3f6825d1bced362c2, 1c8f126601bbe8bfbdf94440d8266e02e5245279, ebf7395e4cdc579ad6ba693f5d81e8823abf1bd1"
  },
  {
    "logger":"org.ggp.base.player.request.factory.RequestFactory",
    "timestamp":"1449291898633",
    "level":"DEBUG",
    "thread":"GamePlayer - Sancho 1.61c (9147)",
    "message":"GGP-Match-Host: Tiltyard"
  },
  {
    "logger":"org.ggp.base.player.request.factory.RequestFactory",
    "timestamp":"1449291898633",
    "level":"DEBUG",
    "thread":"GamePlayer - Sancho 1.61c (9147)",
    "message":"GGP-Match-ID: tiltyard.battlebrushesv0.1449291725915"
  },
  {
    "logger":"org.ggp.base.player.gamer.statemachine.sancho.StdOutErrLog",
    "timestamp":"1449291898633",
    "level":"WARN",
    "thread":"GamePlayer - Sancho 1.61c (9147)",
    "message":"[GamePlayer] Got play message not intended for current game: ignoring."
  },
  {
    "logger":"org.ggp.base.player.request.factory.RequestFactory",
    "timestamp":"1449291914223",
    "level":"DEBUG",
    "thread":"GamePlayer - Sancho 1.61c (9147)",
    "message":"GGP-Match-Step: 4"
  },
  {
    "logger":"org.ggp.base.player.request.factory.RequestFactory",
    "timestamp":"1449291914223",
    "level":"DEBUG",
    "thread":"GamePlayer - Sancho 1.61c (9147)",
    "message":"GGP-Match-Players: 254c159afb844c8cf3d7aa80b5b538c1d7683bf5, 0ce66b3bc773d4cf6bb777c3f6825d1bced362c2, 1c8f126601bbe8bfbdf94440d8266e02e5245279, ebf7395e4cdc579ad6ba693f5d81e8823abf1bd1"
  },
  {
    "logger":"org.ggp.base.player.request.factory.RequestFactory",
    "timestamp":"1449291914223",
    "level":"DEBUG",
    "thread":"GamePlayer - Sancho 1.61c (9147)",
    "message":"GGP-Match-Host: Tiltyard"
  },
  {
    "logger":"org.ggp.base.player.request.factory.RequestFactory",
    "timestamp":"1449291914223",
    "level":"DEBUG",
    "thread":"GamePlayer - Sancho 1.61c (9147)",
    "message":"GGP-Match-ID: tiltyard.battlebrushesv0.1449291725915"
  },
  {
    "logger":"org.ggp.base.player.gamer.statemachine.sancho.StdOutErrLog",
    "timestamp":"1449291914223",
    "level":"WARN",
    "thread":"GamePlayer - Sancho 1.61c (9147)",
    "message":"[GamePlayer] Got play message not intended for current game: ignoring."
  },
  {
    "logger":"org.ggp.base.player.request.factory.RequestFactory",
    "timestamp":"1449291929877",
    "level":"DEBUG",
    "thread":"GamePlayer - Sancho 1.61c (9147)",
    "message":"GGP-Match-Step: 5"
  },
  {
    "logger":"org.ggp.base.player.request.factory.RequestFactory",
    "timestamp":"1449291929877",
    "level":"DEBUG",
    "thread":"GamePlayer - Sancho 1.61c (9147)",
    "message":"GGP-Match-Players: 254c159afb844c8cf3d7aa80b5b538c1d7683bf5, 0ce66b3bc773d4cf6bb777c3f6825d1bced362c2, 1c8f126601bbe8bfbdf94440d8266e02e5245279, ebf7395e4cdc579ad6ba693f5d81e8823abf1bd1"
  },
  {
    "logger":"org.ggp.base.player.request.factory.RequestFactory",
    "timestamp":"1449291929877",
    "level":"DEBUG",
    "thread":"GamePlayer - Sancho 1.61c (9147)",
    "message":"GGP-Match-Host: Tiltyard"
  },
  {
    "logger":"org.ggp.base.player.request.factory.RequestFactory",
    "timestamp":"1449291929877",
    "level":"DEBUG",
    "thread":"GamePlayer - Sancho 1.61c (9147)",
    "message":"GGP-Match-ID: tiltyard.battlebrushesv0.1449291725915"
  },
  {
    "logger":"org.ggp.base.player.gamer.statemachine.sancho.StdOutErrLog",
    "timestamp":"1449291929878",
    "level":"WARN",
    "thread":"GamePlayer - Sancho 1.61c (9147)",
    "message":"[GamePlayer] Got play message not intended for current game: ignoring."
  },
  {
    "logger":"org.ggp.base.player.request.factory.RequestFactory",
    "timestamp":"1449291945443",
    "level":"DEBUG",
    "thread":"GamePlayer - Sancho 1.61c (9147)",
    "message":"GGP-Match-Step: 6"
  },
  {
    "logger":"org.ggp.base.player.request.factory.RequestFactory",
    "timestamp":"1449291945443",
    "level":"DEBUG",
    "thread":"GamePlayer - Sancho 1.61c (9147)",
    "message":"GGP-Match-Players: 254c159afb844c8cf3d7aa80b5b538c1d7683bf5, 0ce66b3bc773d4cf6bb777c3f6825d1bced362c2, 1c8f126601bbe8bfbdf94440d8266e02e5245279, ebf7395e4cdc579ad6ba693f5d81e8823abf1bd1"
  },
  {
    "logger":"org.ggp.base.player.request.factory.RequestFactory",
    "timestamp":"1449291945443",
    "level":"DEBUG",
    "thread":"GamePlayer - Sancho 1.61c (9147)",
    "message":"GGP-Match-Host: Tiltyard"
  },
  {
    "logger":"org.ggp.base.player.request.factory.RequestFactory",
    "timestamp":"1449291945443",
    "level":"DEBUG",
    "thread":"GamePlayer - Sancho 1.61c (9147)",
    "message":"GGP-Match-ID: tiltyard.battlebrushesv0.1449291725915"
  },
  {
    "logger":"org.ggp.base.player.gamer.statemachine.sancho.StdOutErrLog",
    "timestamp":"1449291945444",
    "level":"WARN",
    "thread":"GamePlayer - Sancho 1.61c (9147)",
    "message":"[GamePlayer] Got play message not intended for current game: ignoring."
  },
  {
    "logger":"org.ggp.base.player.request.factory.RequestFactory",
    "timestamp":"1449291961134",
    "level":"DEBUG",
    "thread":"GamePlayer - Sancho 1.61c (9147)",
    "message":"GGP-Match-Step: 7"
  },
  {
    "logger":"org.ggp.base.player.request.factory.RequestFactory",
    "timestamp":"1449291961134",
    "level":"DEBUG",
    "thread":"GamePlayer - Sancho 1.61c (9147)",
    "message":"GGP-Match-Players: 254c159afb844c8cf3d7aa80b5b538c1d7683bf5, 0ce66b3bc773d4cf6bb777c3f6825d1bced362c2, 1c8f126601bbe8bfbdf94440d8266e02e5245279, ebf7395e4cdc579ad6ba693f5d81e8823abf1bd1"
  },
  {
    "logger":"org.ggp.base.player.request.factory.RequestFactory",
    "timestamp":"1449291961134",
    "level":"DEBUG",
    "thread":"GamePlayer - Sancho 1.61c (9147)",
    "message":"GGP-Match-Host: Tiltyard"
  },
  {
    "logger":"org.ggp.base.player.request.factory.RequestFactory",
    "timestamp":"1449291961134",
    "level":"DEBUG",
    "thread":"GamePlayer - Sancho 1.61c (9147)",
    "message":"GGP-Match-ID: tiltyard.battlebrushesv0.1449291725915"
  },
  {
    "logger":"org.ggp.base.player.gamer.statemachine.sancho.StdOutErrLog",
    "timestamp":"1449291961135",
    "level":"WARN",
    "thread":"GamePlayer - Sancho 1.61c (9147)",
    "message":"[GamePlayer] Got play message not intended for current game: ignoring."
  },
  {
    "logger":"org.ggp.base.player.request.factory.RequestFactory",
    "timestamp":"1449291976724",
    "level":"DEBUG",
    "thread":"GamePlayer - Sancho 1.61c (9147)",
    "message":"GGP-Match-Step: 8"
  },
  {
    "logger":"org.ggp.base.player.request.factory.RequestFactory",
    "timestamp":"1449291976724",
    "level":"DEBUG",
    "thread":"GamePlayer - Sancho 1.61c (9147)",
    "message":"GGP-Match-Players: 254c159afb844c8cf3d7aa80b5b538c1d7683bf5, 0ce66b3bc773d4cf6bb777c3f6825d1bced362c2, 1c8f126601bbe8bfbdf94440d8266e02e5245279, ebf7395e4cdc579ad6ba693f5d81e8823abf1bd1"
  },
  {
    "logger":"org.ggp.base.player.request.factory.RequestFactory",
    "timestamp":"1449291976724",
    "level":"DEBUG",
    "thread":"GamePlayer - Sancho 1.61c (9147)",
    "message":"GGP-Match-Host: Tiltyard"
  },
  {
    "logger":"org.ggp.base.player.request.factory.RequestFactory",
    "timestamp":"1449291976724",
    "level":"DEBUG",
    "thread":"GamePlayer - Sancho 1.61c (9147)",
    "message":"GGP-Match-ID: tiltyard.battlebrushesv0.1449291725915"
  },
  {
    "logger":"org.ggp.base.player.gamer.statemachine.sancho.StdOutErrLog",
    "timestamp":"1449291976725",
    "level":"WARN",
    "thread":"GamePlayer - Sancho 1.61c (9147)",
    "message":"[GamePlayer] Got play message not intended for current game: ignoring."
  },
  {
    "logger":"org.ggp.base.player.request.factory.RequestFactory",
    "timestamp":"1449291992448",
    "level":"DEBUG",
    "thread":"GamePlayer - Sancho 1.61c (9147)",
    "message":"GGP-Match-Step: 9"
  },
  {
    "logger":"org.ggp.base.player.request.factory.RequestFactory",
    "timestamp":"1449291992448",
    "level":"DEBUG",
    "thread":"GamePlayer - Sancho 1.61c (9147)",
    "message":"GGP-Match-Players: 254c159afb844c8cf3d7aa80b5b538c1d7683bf5, 0ce66b3bc773d4cf6bb777c3f6825d1bced362c2, 1c8f126601bbe8bfbdf94440d8266e02e5245279, ebf7395e4cdc579ad6ba693f5d81e8823abf1bd1"
  },
  {
    "logger":"org.ggp.base.player.request.factory.RequestFactory",
    "timestamp":"1449291992448",
    "level":"DEBUG",
    "thread":"GamePlayer - Sancho 1.61c (9147)",
    "message":"GGP-Match-Host: Tiltyard"
  },
  {
    "logger":"org.ggp.base.player.request.factory.RequestFactory",
    "timestamp":"1449291992448",
    "level":"DEBUG",
    "thread":"GamePlayer - Sancho 1.61c (9147)",
    "message":"GGP-Match-ID: tiltyard.battlebrushesv0.1449291725915"
  },
  {
    "logger":"org.ggp.base.player.gamer.statemachine.sancho.StdOutErrLog",
    "timestamp":"1449291992449",
    "level":"WARN",
    "thread":"GamePlayer - Sancho 1.61c (9147)",
    "message":"[GamePlayer] Got play message not intended for current game: ignoring."
  },
  {
    "logger":"org.ggp.base.player.request.factory.RequestFactory",
    "timestamp":"1449292008348",
    "level":"DEBUG",
    "thread":"GamePlayer - Sancho 1.61c (9147)",
    "message":"GGP-Match-Step: 10"
  },
  {
    "logger":"org.ggp.base.player.request.factory.RequestFactory",
    "timestamp":"1449292008349",
    "level":"DEBUG",
    "thread":"GamePlayer - Sancho 1.61c (9147)",
    "message":"GGP-Match-Players: 254c159afb844c8cf3d7aa80b5b538c1d7683bf5, 0ce66b3bc773d4cf6bb777c3f6825d1bced362c2, 1c8f126601bbe8bfbdf94440d8266e02e5245279, ebf7395e4cdc579ad6ba693f5d81e8823abf1bd1"
  },
  {
    "logger":"org.ggp.base.player.request.factory.RequestFactory",
    "timestamp":"1449292008349",
    "level":"DEBUG",
    "thread":"GamePlayer - Sancho 1.61c (9147)",
    "message":"GGP-Match-Host: Tiltyard"
  },
  {
    "logger":"org.ggp.base.player.request.factory.RequestFactory",
    "timestamp":"1449292008349",
    "level":"DEBUG",
    "thread":"GamePlayer - Sancho 1.61c (9147)",
    "message":"GGP-Match-ID: tiltyard.battlebrushesv0.1449291725915"
  },
  {
    "logger":"org.ggp.base.player.gamer.statemachine.sancho.StdOutErrLog",
    "timestamp":"1449292008349",
    "level":"WARN",
    "thread":"GamePlayer - Sancho 1.61c (9147)",
    "message":"[GamePlayer] Got play message not intended for current game: ignoring."
  },
  {
    "logger":"org.ggp.base.player.request.factory.RequestFactory",
    "timestamp":"1449292023970",
    "level":"DEBUG",
    "thread":"GamePlayer - Sancho 1.61c (9147)",
    "message":"GGP-Match-Step: 11"
  },
  {
    "logger":"org.ggp.base.player.request.factory.RequestFactory",
    "timestamp":"1449292023970",
    "level":"DEBUG",
    "thread":"GamePlayer - Sancho 1.61c (9147)",
    "message":"GGP-Match-Players: 254c159afb844c8cf3d7aa80b5b538c1d7683bf5, 0ce66b3bc773d4cf6bb777c3f6825d1bced362c2, 1c8f126601bbe8bfbdf94440d8266e02e5245279, ebf7395e4cdc579ad6ba693f5d81e8823abf1bd1"
  },
  {
    "logger":"org.ggp.base.player.request.factory.RequestFactory",
    "timestamp":"1449292023970",
    "level":"DEBUG",
    "thread":"GamePlayer - Sancho 1.61c (9147)",
    "message":"GGP-Match-Host: Tiltyard"
  },
  {
    "logger":"org.ggp.base.player.request.factory.RequestFactory",
    "timestamp":"1449292023970",
    "level":"DEBUG",
    "thread":"GamePlayer - Sancho 1.61c (9147)",
    "message":"GGP-Match-ID: tiltyard.battlebrushesv0.1449291725915"
  },
  {
    "logger":"org.ggp.base.player.gamer.statemachine.sancho.StdOutErrLog",
    "timestamp":"1449292023970",
    "level":"WARN",
    "thread":"GamePlayer - Sancho 1.61c (9147)",
    "message":"[GamePlayer] Got play message not intended for current game: ignoring."
  },
  {
    "logger":"org.ggp.base.player.request.factory.RequestFactory",
    "timestamp":"1449292039486",
    "level":"DEBUG",
    "thread":"GamePlayer - Sancho 1.61c (9147)",
    "message":"GGP-Match-Step: 12"
  },
  {
    "logger":"org.ggp.base.player.request.factory.RequestFactory",
    "timestamp":"1449292039486",
    "level":"DEBUG",
    "thread":"GamePlayer - Sancho 1.61c (9147)",
    "message":"GGP-Match-Players: 254c159afb844c8cf3d7aa80b5b538c1d7683bf5, 0ce66b3bc773d4cf6bb777c3f6825d1bced362c2, 1c8f126601bbe8bfbdf94440d8266e02e5245279, ebf7395e4cdc579ad6ba693f5d81e8823abf1bd1"
  },
  {
    "logger":"org.ggp.base.player.request.factory.RequestFactory",
    "timestamp":"1449292039486",
    "level":"DEBUG",
    "thread":"GamePlayer - Sancho 1.61c (9147)",
    "message":"GGP-Match-Host: Tiltyard"
  },
  {
    "logger":"org.ggp.base.player.request.factory.RequestFactory",
    "timestamp":"1449292039486",
    "level":"DEBUG",
    "thread":"GamePlayer - Sancho 1.61c (9147)",
    "message":"GGP-Match-ID: tiltyard.battlebrushesv0.1449291725915"
  },
  {
    "logger":"org.ggp.base.player.gamer.statemachine.sancho.StdOutErrLog",
    "timestamp":"1449292039487",
    "level":"WARN",
    "thread":"GamePlayer - Sancho 1.61c (9147)",
    "message":"[GamePlayer] Got play message not intended for current game: ignoring."
  },
  {
    "logger":"org.ggp.base.player.request.factory.RequestFactory",
    "timestamp":"1449292055119",
    "level":"DEBUG",
    "thread":"GamePlayer - Sancho 1.61c (9147)",
    "message":"GGP-Match-Step: 13"
  },
  {
    "logger":"org.ggp.base.player.request.factory.RequestFactory",
    "timestamp":"1449292055119",
    "level":"DEBUG",
    "thread":"GamePlayer - Sancho 1.61c (9147)",
    "message":"GGP-Match-Players: 254c159afb844c8cf3d7aa80b5b538c1d7683bf5, 0ce66b3bc773d4cf6bb777c3f6825d1bced362c2, 1c8f126601bbe8bfbdf94440d8266e02e5245279, ebf7395e4cdc579ad6ba693f5d81e8823abf1bd1"
  },
  {
    "logger":"org.ggp.base.player.request.factory.RequestFactory",
    "timestamp":"1449292055119",
    "level":"DEBUG",
    "thread":"GamePlayer - Sancho 1.61c (9147)",
    "message":"GGP-Match-Host: Tiltyard"
  },
  {
    "logger":"org.ggp.base.player.request.factory.RequestFactory",
    "timestamp":"1449292055119",
    "level":"DEBUG",
    "thread":"GamePlayer - Sancho 1.61c (9147)",
    "message":"GGP-Match-ID: tiltyard.battlebrushesv0.1449291725915"
  },
  {
    "logger":"org.ggp.base.player.gamer.statemachine.sancho.StdOutErrLog",
    "timestamp":"1449292055119",
    "level":"WARN",
    "thread":"GamePlayer - Sancho 1.61c (9147)",
    "message":"[GamePlayer] Got play message not intended for current game: ignoring."
  },
  {
    "logger":"org.ggp.base.player.request.factory.RequestFactory",
    "timestamp":"1449292070819",
    "level":"DEBUG",
    "thread":"GamePlayer - Sancho 1.61c (9147)",
    "message":"GGP-Match-Step: 14"
  },
  {
    "logger":"org.ggp.base.player.request.factory.RequestFactory",
    "timestamp":"1449292070819",
    "level":"DEBUG",
    "thread":"GamePlayer - Sancho 1.61c (9147)",
    "message":"GGP-Match-Players: 254c159afb844c8cf3d7aa80b5b538c1d7683bf5, 0ce66b3bc773d4cf6bb777c3f6825d1bced362c2, 1c8f126601bbe8bfbdf94440d8266e02e5245279, ebf7395e4cdc579ad6ba693f5d81e8823abf1bd1"
  },
  {
    "logger":"org.ggp.base.player.request.factory.RequestFactory",
    "timestamp":"1449292070819",
    "level":"DEBUG",
    "thread":"GamePlayer - Sancho 1.61c (9147)",
    "message":"GGP-Match-Host: Tiltyard"
  },
  {
    "logger":"org.ggp.base.player.request.factory.RequestFactory",
    "timestamp":"1449292070819",
    "level":"DEBUG",
    "thread":"GamePlayer - Sancho 1.61c (9147)",
    "message":"GGP-Match-ID: tiltyard.battlebrushesv0.1449291725915"
  },
  {
    "logger":"org.ggp.base.player.gamer.statemachine.sancho.StdOutErrLog",
    "timestamp":"1449292070820",
    "level":"WARN",
    "thread":"GamePlayer - Sancho 1.61c (9147)",
    "message":"[GamePlayer] Got play message not intended for current game: ignoring."
  },
  {
    "logger":"org.ggp.base.player.request.factory.RequestFactory",
    "timestamp":"1449292086730",
    "level":"DEBUG",
    "thread":"GamePlayer - Sancho 1.61c (9147)",
    "message":"GGP-Match-Step: 15"
  },
  {
    "logger":"org.ggp.base.player.request.factory.RequestFactory",
    "timestamp":"1449292086730",
    "level":"DEBUG",
    "thread":"GamePlayer - Sancho 1.61c (9147)",
    "message":"GGP-Match-Players: 254c159afb844c8cf3d7aa80b5b538c1d7683bf5, 0ce66b3bc773d4cf6bb777c3f6825d1bced362c2, 1c8f126601bbe8bfbdf94440d8266e02e5245279, ebf7395e4cdc579ad6ba693f5d81e8823abf1bd1"
  },
  {
    "logger":"org.ggp.base.player.request.factory.RequestFactory",
    "timestamp":"1449292086730",
    "level":"DEBUG",
    "thread":"GamePlayer - Sancho 1.61c (9147)",
    "message":"GGP-Match-Host: Tiltyard"
  },
  {
    "logger":"org.ggp.base.player.request.factory.RequestFactory",
    "timestamp":"1449292086730",
    "level":"DEBUG",
    "thread":"GamePlayer - Sancho 1.61c (9147)",
    "message":"GGP-Match-ID: tiltyard.battlebrushesv0.1449291725915"
  },
  {
    "logger":"org.ggp.base.player.gamer.statemachine.sancho.StdOutErrLog",
    "timestamp":"1449292086731",
    "level":"WARN",
    "thread":"GamePlayer - Sancho 1.61c (9147)",
    "message":"[GamePlayer] Got play message not intended for current game: ignoring."
  },
  {
    "logger":"org.ggp.base.player.request.factory.RequestFactory",
    "timestamp":"1449292102377",
    "level":"DEBUG",
    "thread":"GamePlayer - Sancho 1.61c (9147)",
    "message":"GGP-Match-Step: 16"
  },
  {
    "logger":"org.ggp.base.player.request.factory.RequestFactory",
    "timestamp":"1449292102377",
    "level":"DEBUG",
    "thread":"GamePlayer - Sancho 1.61c (9147)",
    "message":"GGP-Match-Players: 254c159afb844c8cf3d7aa80b5b538c1d7683bf5, 0ce66b3bc773d4cf6bb777c3f6825d1bced362c2, 1c8f126601bbe8bfbdf94440d8266e02e5245279, ebf7395e4cdc579ad6ba693f5d81e8823abf1bd1"
  },
  {
    "logger":"org.ggp.base.player.request.factory.RequestFactory",
    "timestamp":"1449292102377",
    "level":"DEBUG",
    "thread":"GamePlayer - Sancho 1.61c (9147)",
    "message":"GGP-Match-Host: Tiltyard"
  },
  {
    "logger":"org.ggp.base.player.request.factory.RequestFactory",
    "timestamp":"1449292102377",
    "level":"DEBUG",
    "thread":"GamePlayer - Sancho 1.61c (9147)",
    "message":"GGP-Match-ID: tiltyard.battlebrushesv0.1449291725915"
  },
  {
    "logger":"org.ggp.base.player.gamer.statemachine.sancho.StdOutErrLog",
    "timestamp":"1449292102377",
    "level":"WARN",
    "thread":"GamePlayer - Sancho 1.61c (9147)",
    "message":"[GamePlayer] Got play message not intended for current game: ignoring."
  },
  {
    "logger":"org.ggp.base.player.request.factory.RequestFactory",
    "timestamp":"1449292118026",
    "level":"DEBUG",
    "thread":"GamePlayer - Sancho 1.61c (9147)",
    "message":"GGP-Match-Step: 17"
  },
  {
    "logger":"org.ggp.base.player.request.factory.RequestFactory",
    "timestamp":"1449292118026",
    "level":"DEBUG",
    "thread":"GamePlayer - Sancho 1.61c (9147)",
    "message":"GGP-Match-Players: 254c159afb844c8cf3d7aa80b5b538c1d7683bf5, 0ce66b3bc773d4cf6bb777c3f6825d1bced362c2, 1c8f126601bbe8bfbdf94440d8266e02e5245279, ebf7395e4cdc579ad6ba693f5d81e8823abf1bd1"
  },
  {
    "logger":"org.ggp.base.player.request.factory.RequestFactory",
    "timestamp":"1449292118026",
    "level":"DEBUG",
    "thread":"GamePlayer - Sancho 1.61c (9147)",
    "message":"GGP-Match-Host: Tiltyard"
  },
  {
    "logger":"org.ggp.base.player.request.factory.RequestFactory",
    "timestamp":"1449292118026",
    "level":"DEBUG",
    "thread":"GamePlayer - Sancho 1.61c (9147)",
    "message":"GGP-Match-ID: tiltyard.battlebrushesv0.1449291725915"
  },
  {
    "logger":"org.ggp.base.player.gamer.statemachine.sancho.StdOutErrLog",
    "timestamp":"1449292118027",
    "level":"WARN",
    "thread":"GamePlayer - Sancho 1.61c (9147)",
    "message":"[GamePlayer] Got play message not intended for current game: ignoring."
  },
  {
    "logger":"org.ggp.base.player.request.factory.RequestFactory",
    "timestamp":"1449292134600",
    "level":"DEBUG",
    "thread":"GamePlayer - Sancho 1.61c (9147)",
    "message":"GGP-Match-Step: 18"
  },
  {
    "logger":"org.ggp.base.player.request.factory.RequestFactory",
    "timestamp":"1449292134600",
    "level":"DEBUG",
    "thread":"GamePlayer - Sancho 1.61c (9147)",
    "message":"GGP-Match-Players: 254c159afb844c8cf3d7aa80b5b538c1d7683bf5, 0ce66b3bc773d4cf6bb777c3f6825d1bced362c2, 1c8f126601bbe8bfbdf94440d8266e02e5245279, ebf7395e4cdc579ad6ba693f5d81e8823abf1bd1"
  },
  {
    "logger":"org.ggp.base.player.request.factory.RequestFactory",
    "timestamp":"1449292134600",
    "level":"DEBUG",
    "thread":"GamePlayer - Sancho 1.61c (9147)",
    "message":"GGP-Match-Host: Tiltyard"
  },
  {
    "logger":"org.ggp.base.player.request.factory.RequestFactory",
    "timestamp":"1449292134600",
    "level":"DEBUG",
    "thread":"GamePlayer - Sancho 1.61c (9147)",
    "message":"GGP-Match-ID: tiltyard.battlebrushesv0.1449291725915"
  },
  {
    "logger":"org.ggp.base.player.gamer.statemachine.sancho.StdOutErrLog",
    "timestamp":"1449292134601",
    "level":"WARN",
    "thread":"GamePlayer - Sancho 1.61c (9147)",
    "message":"[GamePlayer] Got play message not intended for current game: ignoring."
  },
  {
    "logger":"org.ggp.base.player.request.factory.RequestFactory",
    "timestamp":"1449292150550",
    "level":"DEBUG",
    "thread":"GamePlayer - Sancho 1.61c (9147)",
    "message":"GGP-Match-Step: 19"
  },
  {
    "logger":"org.ggp.base.player.request.factory.RequestFactory",
    "timestamp":"1449292150550",
    "level":"DEBUG",
    "thread":"GamePlayer - Sancho 1.61c (9147)",
    "message":"GGP-Match-Players: 254c159afb844c8cf3d7aa80b5b538c1d7683bf5, 0ce66b3bc773d4cf6bb777c3f6825d1bced362c2, 1c8f126601bbe8bfbdf94440d8266e02e5245279, ebf7395e4cdc579ad6ba693f5d81e8823abf1bd1"
  },
  {
    "logger":"org.ggp.base.player.request.factory.RequestFactory",
    "timestamp":"1449292150550",
    "level":"DEBUG",
    "thread":"GamePlayer - Sancho 1.61c (9147)",
    "message":"GGP-Match-Host: Tiltyard"
  },
  {
    "logger":"org.ggp.base.player.request.factory.RequestFactory",
    "timestamp":"1449292150550",
    "level":"DEBUG",
    "thread":"GamePlayer - Sancho 1.61c (9147)",
    "message":"GGP-Match-ID: tiltyard.battlebrushesv0.1449291725915"
  },
  {
    "logger":"org.ggp.base.player.gamer.statemachine.sancho.StdOutErrLog",
    "timestamp":"1449292150550",
    "level":"WARN",
    "thread":"GamePlayer - Sancho 1.61c (9147)",
    "message":"[GamePlayer] Got stop message not intended for current game: ignoring."
  }