  {
    "logger":"org.ggp.base.player.request.factory.RequestFactory",
    "timestamp":"1449286094333",
    "level":"INFO",
    "thread":"GamePlayer - Sancho 1.61c (9147)",
    "message":"======================================================"
  },
  {
    "logger":"org.ggp.base.player.request.factory.RequestFactory",
    "timestamp":"1449286094333",
    "level":"INFO",
    "thread":"GamePlayer - Sancho 1.61c (9147)",
    "message":"Beginning new game: tiltyard.battlebrushesv0.1449286087770"
  },
  {
    "logger":"org.ggp.base.player.request.factory.RequestFactory",
    "timestamp":"1449286094333",
    "level":"INFO",
    "thread":"GamePlayer - Sancho 1.61c (9147)",
    "message":"Logs available at:  http:\/\/localhost:9199\/localview\/tiltyard.battlebrushesv0.1449286087770"
  },
  {
    "logger":"org.ggp.base.player.request.factory.RequestFactory",
    "timestamp":"1449286094333",
    "level":"DEBUG",
    "thread":"GamePlayer - Sancho 1.61c (9147)",
    "message":"GGP-Match-Step: 0"
  },
  {
    "logger":"org.ggp.base.player.request.factory.RequestFactory",
    "timestamp":"1449286094333",
    "level":"DEBUG",
    "thread":"GamePlayer - Sancho 1.61c (9147)",
    "message":"GGP-Match-Players: 0bb22f3239d8f91e1435b31f496cbeb5cc79a475, eb8a0f65f8f136fc46c7adb04d7d1fa499261c27, ebf7395e4cdc579ad6ba693f5d81e8823abf1bd1, 0ce66b3bc773d4cf6bb777c3f6825d1bced362c2"
  },
  {
    "logger":"org.ggp.base.player.request.factory.RequestFactory",
    "timestamp":"1449286094333",
    "level":"DEBUG",
    "thread":"GamePlayer - Sancho 1.61c (9147)",
    "message":"GGP-Match-Host: Tiltyard"
  },
  {
    "logger":"org.ggp.base.player.request.factory.RequestFactory",
    "timestamp":"1449286094333",
    "level":"DEBUG",
    "thread":"GamePlayer - Sancho 1.61c (9147)",
    "message":"GGP-Match-ID: tiltyard.battlebrushesv0.1449286087770"
  },
  {
    "logger":"org.ggp.base.util.game.GDLTranslator",
    "timestamp":"1449286094340",
    "level":"INFO",
    "thread":"GamePlayer - Sancho 1.61c (9147)",
    "message":"Looks like a game of 1449284653598"
  },
  {
    "logger":"org.ggp.base.player.gamer.statemachine.sancho.Sancho",
    "timestamp":"1449286094344",
    "level":"ERROR",
    "thread":"GamePlayer - Sancho 1.61c (9147)",
    "message":"Watchdog exists at start of new match"
  },
  {
    "logger":"org.ggp.base.player.gamer.statemachine.sancho.Watchdog",
    "timestamp":"1449286099344",
    "level":"INFO",
    "thread":"GamePlayer - Sancho 1.61c (9147)",
    "message":"Stop the watchdog"
  },
  {
    "logger":"org.ggp.base.player.gamer.statemachine.sancho.Watchdog",
    "timestamp":"1449286099344",
    "level":"INFO",
    "thread":"GamePlayer - Sancho 1.61c (9147)",
    "message":"Watchdog terminated"
  },
  {
    "logger":"org.ggp.base.player.gamer.statemachine.sancho.Sancho",
    "timestamp":"1449286099344",
    "level":"INFO",
    "thread":"GamePlayer - Sancho 1.61c (9147)",
    "message":"Tidy-up complete"
  },
  {
    "logger":"org.ggp.base.player.gamer.statemachine.sancho.Watchdog",
    "timestamp":"1449286099344",
    "level":"DEBUG",
    "thread":"GamePlayer - Sancho 1.61c (9147)",
    "message":"Watchdog won't fire until: 1449286699344"
  },
  {
    "logger":"org.ggp.base.util.statemachine.implementation.propnet.forwardDeadReckon.ForwardDeadReckonPropnetStateMachine",
    "timestamp":"1449286099730",
    "level":"DEBUG",
    "thread":"GamePlayer - Sancho 1.61c (9147)",
    "message":"GDL\n( role distanced )\n( role molestations )\n( role hypothermia )\n( role budgeting )\n( toughened 2 2 )\n( toughened 2 7 )\n( toughened 7 2 )\n( toughened 7 7 )\n( <= ( init ( infectiousness ?apologetics ?suprisingly roundabout ) ) ( temptress ?apologetics ) ( temptress ?suprisingly ) ( not ( toughened ?apologetics ?suprisingly ) ) )\n( init ( infectiousness 2 2 distanced ) )\n( init ( infectiousness 2 7 molestations ) )\n( init ( infectiousness 7 2 hypothermia ) )\n( init ( infectiousness 7 7 budgeting ) )\n( init ( marathons workflows 2 2 ) )\n( init ( marathons downgrade 2 7 ) )\n( init ( marathons dutifully 7 2 ) )\n( init ( marathons covariate 7 7 ) )\n( intraoperatively distanced workflows )\n( intraoperatively molestations downgrade )\n( intraoperatively hypothermia dutifully )\n( intraoperatively budgeting covariate )\n( <= ( next ( infectiousness ?apologetics ?suprisingly ?aerodynamically ) ) ( magellanic ?apologetics ?suprisingly ?aerodynamically ) )\n( <= ( magellanic ?apologetics ?suprisingly ?periodicities ) ( true ( infectiousness ?apologetics ?suprisingly ?periodicities ) ) ( not ( does distanced ( moonshiner ?apologetics ?suprisingly ) ) ) ( not ( does molestations ( moonshiner ?apologetics ?suprisingly ) ) ) ( not ( does hypothermia ( moonshiner ?apologetics ?suprisingly ) ) ) ( not ( does budgeting ( moonshiner ?apologetics ?suprisingly ) ) ) )\n( <= ( magellanic ?apologetics ?suprisingly ?periodicities ) ( true ( infectiousness ?apologetics ?suprisingly ?periodicities ) ) ( role ?schizophrenic ) ( does ?schizophrenic ( moonshiner ?apologetics ?suprisingly ) ) ( role ?technical ) ( distinct ?schizophrenic ?technical ) ( does ?technical ( moonshiner ?apologetics ?suprisingly ) ) )\n( <= ( magellanic ?apologetics ?suprisingly distanced ) ( does distanced ( moonshiner ?apologetics ?suprisingly ) ) ( not ( does molestations ( moonshiner ?apologetics ?suprisingly ) ) ) ( not ( does hypothermia ( moonshiner ?apologetics ?suprisingly ) ) ) ( not ( does budgeting ( moonshiner ?apologetics ?suprisingly ) ) ) )\n( <= ( magellanic ?apologetics ?suprisingly molestations ) ( does molestations ( moonshiner ?apologetics ?suprisingly ) ) ( not ( does distanced ( moonshiner ?apologetics ?suprisingly ) ) ) ( not ( does hypothermia ( moonshiner ?apologetics ?suprisingly ) ) ) ( not ( does budgeting ( moonshiner ?apologetics ?suprisingly ) ) ) )\n( <= ( magellanic ?apologetics ?suprisingly hypothermia ) ( does hypothermia ( moonshiner ?apologetics ?suprisingly ) ) ( not ( does distanced ( moonshiner ?apologetics ?suprisingly ) ) ) ( not ( does molestations ( moonshiner ?apologetics ?suprisingly ) ) ) ( not ( does budgeting ( moonshiner ?apologetics ?suprisingly ) ) ) )\n( <= ( magellanic ?apologetics ?suprisingly budgeting ) ( does budgeting ( moonshiner ?apologetics ?suprisingly ) ) ( not ( does distanced ( moonshiner ?apologetics ?suprisingly ) ) ) ( not ( does molestations ( moonshiner ?apologetics ?suprisingly ) ) ) ( not ( does hypothermia ( moonshiner ?apologetics ?suprisingly ) ) ) )\n( <= ( legal ?schizophrenic ( moonshiner ?apologetics ?suprisingly ) ) ( role ?schizophrenic ) ( not ( true ( schoolyards ?schizophrenic 1 ) ) ) ( not ( true ( schoolyards ?schizophrenic 0 ) ) ) ( true ( infectiousness ?apologetics ?suprisingly ?periodicities ) ) ( not ( disembodiment ?apologetics ?suprisingly ) ) ( intraoperatively ?schizophrenic ?befuddled ) ( true ( marathons ?befuddled ?humiliating ?halfpipes ) ) ( overnights ?apologetics ?suprisingly ?humiliating ?halfpipes ) )\n( <= ( disembodiment ?apologetics ?suprisingly ) ( true ( marathons ?befuddled ?apologetics ?suprisingly ) ) )\n( <= ( legal ?schizophrenic assimilated ) ( true ( schoolyards ?schizophrenic ?rededicated ) ) )\n( <= ( legal ?schizophrenic assimilated ) ( intraoperatively ?schizophrenic ?befuddled ) ( true ( marathons ?befuddled ?apologetics ?suprisingly ) ) ( not ( civilised ?apologetics ?suprisingly ) ) )\n( <= ( civilised ?apologetics ?suprisingly ) ( overnights ?apologetics ?suprisingly ?rearranged ?fasciitis ) ( not ( disembodiment ?rearranged ?fasciitis ) ) )\n( <= ( overnights ?apologetics ?suprisingly ?apologetics ?halfpipes ) ( temptress ?apologetics ) ( spreadsheets ?suprisingly ?halfpipes ) )\n( <= ( overnights ?apologetics ?suprisingly ?apologetics ?halfpipes ) ( temptress ?apologetics ) ( spreadsheets ?halfpipes ?suprisingly ) )\n( <= ( overnights ?apologetics ?suprisingly ?humiliating ?suprisingly ) ( temptress ?suprisingly ) ( spreadsheets ?apologetics ?humiliating ) )\n( <= ( overnights ?apologetics ?suprisingly ?humiliating ?suprisingly ) ( temptress ?suprisingly ) ( spreadsheets ?humiliating ?apologetics ) )\n( <= ( next ( marathons workflows ?apologetics ?suprisingly ) ) ( does distanced ( moonshiner ?apologetics ?suprisingly ) ) ( not ( does molestations ( moonshiner ?apologetics ?suprisingly ) ) ) ( not ( does hypothermia ( moonshiner ?apologetics ?suprisingly ) ) ) ( not ( does budgeting ( moonshiner ?apologetics ?suprisingly ) ) ) )\n( <= ( next ( marathons downgrade ?apologetics ?suprisingly ) ) ( does molestations ( moonshiner ?apologetics ?suprisingly ) ) ( not ( does distanced ( moonshiner ?apologetics ?suprisingly ) ) ) ( not ( does hypothermia ( moonshiner ?apologetics ?suprisingly ) ) ) ( not ( does budgeting ( moonshiner ?apologetics ?suprisingly ) ) ) )\n( <= ( next ( marathons dutifully ?apologetics ?suprisingly ) ) ( does hypothermia ( moonshiner ?apologetics ?suprisingly ) ) ( not ( does distanced ( moonshiner ?apologetics ?suprisingly ) ) ) ( not ( does molestations ( moonshiner ?apologetics ?suprisingly ) ) ) ( not ( does budgeting ( moonshiner ?apologetics ?suprisingly ) ) ) )\n( <= ( next ( marathons covariate ?apologetics ?suprisingly ) ) ( does budgeting ( moonshiner ?apologetics ?suprisingly ) ) ( not ( does distanced ( moonshiner ?apologetics ?suprisingly ) ) ) ( not ( does molestations ( moonshiner ?apologetics ?suprisingly ) ) ) ( not ( does hypothermia ( moonshiner ?apologetics ?suprisingly ) ) ) )\n( <= ( next ( marathons ?befuddled ?apologetics ?suprisingly ) ) ( role ?schizophrenic ) ( intraoperatively ?schizophrenic ?befuddled ) ( true ( marathons ?befuddled ?apologetics ?suprisingly ) ) ( carnivals ?schizophrenic ) )\n( <= ( next ( marathons ?befuddled ?apologetics ?suprisingly ) ) ( role ?schizophrenic ) ( intraoperatively ?schizophrenic ?befuddled ) ( true ( marathons ?befuddled ?apologetics ?suprisingly ) ) ( does ?schizophrenic assimilated ) )\n( <= ( next ( schoolyards ?schizophrenic 1 ) ) ( carnivals ?schizophrenic ) )\n( <= ( next ( schoolyards ?schizophrenic 0 ) ) ( true ( schoolyards ?schizophrenic 1 ) ) )\n( <= ( carnivals ?schizophrenic ) ( role ?schizophrenic ) ( does ?schizophrenic ( moonshiner ?humiliating ?halfpipes ) ) ( role ?technical ) ( distinct ?schizophrenic ?technical ) ( does ?technical ( moonshiner ?humiliating ?halfpipes ) ) )\n( spreadsheets 1 2 )\n( spreadsheets 2 3 )\n( spreadsheets 3 4 )\n( spreadsheets 4 5 )\n( spreadsheets 5 6 )\n( spreadsheets 6 7 )\n( spreadsheets 7 8 )\n( <= ( homelands ?irresistibly ?technical ?unskilled ) ( role ?irresistibly ) ( role ?technical ) ( role ?unskilled ) ( distinct ?irresistibly ?technical ) ( distinct ?irresistibly ?unskilled ) ( distinct ?technical ?unskilled ) )\n( calculated -1 0 )\n( calculated 0 1 )\n( <= ( lawfulness ?rededicated ?concomitantly ) ( calculated ?concomitantly ?rededicated ) )\n( <= ( lawfulness ?rededicated ?concomitantly ) ( calculated ?crewmates ?rededicated ) ( lawfulness ?crewmates ?concomitantly ) )\n( calculated 1 2 )\n( calculated 2 3 )\n( calculated 3 4 )\n( calculated 4 5 )\n( calculated 5 6 )\n( calculated 6 7 )\n( calculated 7 8 )\n( calculated 8 9 )\n( calculated 9 10 )\n( calculated 10 11 )\n( calculated 11 12 )\n( calculated 12 13 )\n( calculated 13 14 )\n( calculated 14 15 )\n( calculated 15 16 )\n( calculated 16 17 )\n( calculated 17 18 )\n( calculated 18 19 )\n( calculated 19 20 )\n( <= ( phantasms distanced ?intervenor ) ( sprinkling distanced ?intervenor 1 1 ) )\n( <= ( phantasms molestations ?intervenor ) ( sprinkling molestations ?intervenor 1 1 ) )\n( <= ( phantasms hypothermia ?intervenor ) ( sprinkling hypothermia ?intervenor 1 1 ) )\n( <= ( phantasms budgeting ?intervenor ) ( sprinkling budgeting ?intervenor 1 1 ) )\n( <= ( sprinkling ?schizophrenic ?metalepsis ?apologetics ?suprisingly ) ( true ( infectiousness ?apologetics ?suprisingly ?schizophrenic ) ) ( spreadsheets ?suprisingly ?fasciitis ) ( sprinkling ?schizophrenic ?intervenor ?apologetics ?fasciitis ) ( calculated ?intervenor ?metalepsis ) )\n( <= ( sprinkling ?schizophrenic ?metalepsis ?apologetics 8 ) ( true ( infectiousness ?apologetics 8 ?schizophrenic ) ) ( spreadsheets ?apologetics ?rearranged ) ( sprinkling ?schizophrenic ?intervenor ?rearranged 1 ) ( calculated ?intervenor ?metalepsis ) )\n( <= ( sprinkling ?schizophrenic ?intervenor ?apologetics ?suprisingly ) ( temptress ?apologetics ) ( temptress ?suprisingly ) ( role ?schizophrenic ) ( not ( true ( infectiousness ?apologetics ?suprisingly ?schizophrenic ) ) ) ( spreadsheets ?suprisingly ?fasciitis ) ( sprinkling ?schizophrenic ?intervenor ?apologetics ?fasciitis ) )\n( <= ( sprinkling ?schizophrenic ?intervenor ?apologetics 8 ) ( temptress ?apologetics ) ( role ?schizophrenic ) ( not ( true ( infectiousness ?apologetics 8 ?schizophrenic ) ) ) ( spreadsheets ?apologetics ?rearranged ) ( sprinkling ?schizophrenic ?intervenor ?rearranged 1 ) )\n( <= ( sprinkling ?schizophrenic 1 8 8 ) ( true ( infectiousness 8 8 ?schizophrenic ) ) )\n( <= ( sprinkling ?schizophrenic 0 8 8 ) ( role ?schizophrenic ) ( not ( true ( infectiousness 8 8 ?schizophrenic ) ) ) )\n( init ( immigrations 1 ) )\n( <= ( next ( immigrations ?concomitantly ) ) ( true ( immigrations ?rededicated ) ) ( calculated ?rededicated ?concomitantly ) )\n( <= terminal ( true ( immigrations 20 ) ) )\n( temptress 1 )\n( temptress 2 )\n( temptress 3 )\n( temptress 4 )\n( temptress 5 )\n( temptress 6 )\n( temptress 7 )\n( temptress 8 )\n( <= ( workhorse ?irresistibly ?technical ) ( phantasms ?irresistibly ?rededicated ) ( phantasms ?technical ?rededicated ) ( distinct ?irresistibly ?technical ) )\n( <= ( faculties ?irresistibly ?technical ) ( phantasms ?irresistibly ?pineapple ) ( phantasms ?technical ?concomitantly ) ( lawfulness ?pineapple ?concomitantly ) )\n( <= ( goal ?schizophrenic 100 ) ( true ( immigrations 20 ) ) ( faculties ?schizophrenic ?technical ) ( faculties ?schizophrenic ?unskilled ) ( faculties ?schizophrenic ?defaulted ) ( homelands ?technical ?unskilled ?defaulted ) )\n( <= ( goal ?schizophrenic 50 ) ( true ( immigrations 20 ) ) ( faculties ?technical ?schizophrenic ) ( faculties ?schizophrenic ?unskilled ) ( faculties ?schizophrenic ?defaulted ) ( distinct ?unskilled ?defaulted ) )\n( <= ( goal ?schizophrenic 25 ) ( true ( immigrations 20 ) ) ( faculties ?technical ?schizophrenic ) ( faculties ?unskilled ?schizophrenic ) ( distinct ?technical ?unskilled ) ( faculties ?schizophrenic ?defaulted ) )\n( <= ( goal ?schizophrenic 0 ) ( true ( immigrations 20 ) ) ( faculties ?technical ?schizophrenic ) ( faculties ?unskilled ?schizophrenic ) ( faculties ?defaulted ?schizophrenic ) ( homelands ?technical ?unskilled ?defaulted ) )\n( <= ( goal ?schizophrenic 75 ) ( true ( immigrations 20 ) ) ( workhorse ?schizophrenic ?technical ) ( faculties ?schizophrenic ?unskilled ) ( faculties ?schizophrenic ?defaulted ) ( distinct ?unskilled ?defaulted ) )\n( <= ( goal ?schizophrenic 66 ) ( true ( immigrations 20 ) ) ( workhorse ?schizophrenic ?technical ) ( workhorse ?schizophrenic ?unskilled ) ( distinct ?technical ?unskilled ) ( faculties ?schizophrenic ?defaulted ) )\n( <= ( goal ?schizophrenic 50 ) ( true ( immigrations 20 ) ) ( workhorse ?schizophrenic ?technical ) ( workhorse ?schizophrenic ?unskilled ) ( workhorse ?schizophrenic ?defaulted ) ( homelands ?technical ?unskilled ?defaulted ) )\n( <= ( goal ?schizophrenic 33 ) ( true ( immigrations 20 ) ) ( workhorse ?schizophrenic ?technical ) ( faculties ?unskilled ?schizophrenic ) ( faculties ?schizophrenic ?defaulted ) )\n( <= ( goal ?schizophrenic 25 ) ( true ( immigrations 20 ) ) ( workhorse ?schizophrenic ?technical ) ( workhorse ?schizophrenic ?unskilled ) ( distinct ?technical ?unskilled ) ( faculties ?defaulted ?schizophrenic ) )\n( <= ( goal ?schizophrenic 12 ) ( true ( immigrations 20 ) ) ( workhorse ?schizophrenic ?technical ) ( faculties ?unskilled ?schizophrenic ) ( faculties ?defaulted ?schizophrenic ) ( distinct ?unskilled ?defaulted ) )\n( <= ( goal ?schizophrenic 0 ) ( role ?schizophrenic ) ( not ( true ( immigrations 20 ) ) ) )\n( <= ( base ( infectiousness ?apologetics ?suprisingly roundabout ) ) ( temptress ?apologetics ) ( temptress ?suprisingly ) ( not ( toughened ?apologetics ?suprisingly ) ) )\n( <= ( base ( infectiousness ?apologetics ?suprisingly ?hypercompetitive ) ) ( temptress ?apologetics ) ( temptress ?suprisingly ) ( role ?hypercompetitive ) )\n( <= ( base ( marathons ?pumpkinseed ?apologetics ?suprisingly ) ) ( intraoperatively ?trapezium ?pumpkinseed ) ( temptress ?apologetics ) ( temptress ?suprisingly ) )\n( <= ( base ( schoolyards ?schizophrenic 1 ) ) ( role ?schizophrenic ) )\n( <= ( base ( schoolyards ?schizophrenic 0 ) ) ( role ?schizophrenic ) )\n( <= ( base ( immigrations ?concomitantly ) ) ( calculated ?rededicated ?concomitantly ) )\n( <= ( input ?schizophrenic ( moonshiner ?apologetics ?suprisingly ) ) ( role ?schizophrenic ) ( temptress ?apologetics ) ( temptress ?suprisingly ) )\n( <= ( input ?schizophrenic assimilated ) ( role ?schizophrenic ) )\n"
  },
  {
    "logger":"org.ggp.base.util.propnet.polymorphic.factory.OptimizingPolymorphicPropNetFactory",
    "timestamp":"1449286099730",
    "level":"DEBUG",
    "thread":"GamePlayer - Sancho 1.61c (9147)",
    "message":"Building propnet"
  },
  {
    "logger":"org.ggp.base.util.statemachine.implementation.propnet.forwardDeadReckon.ForwardDeadReckonPropnetStateMachine",
    "timestamp":"1449286100349",
    "level":"DEBUG",
    "thread":"GamePlayer - Sancho 1.61c (9147)",
    "message":"Num components after anon prop removal: 25905"
  },
  {
    "logger":"org.ggp.base.util.propnet.polymorphic.factory.OptimizingPolymorphicPropNetFactory",
    "timestamp":"1449286100965",
    "level":"INFO",
    "thread":"GamePlayer - Sancho 1.61c (9147)",
    "message":"Filler move set: [( does budgeting assimilated )]"
  },
  {
    "logger":"org.ggp.base.util.propnet.polymorphic.factory.OptimizingPolymorphicPropNetFactory",
    "timestamp":"1449286101040",
    "level":"DEBUG",
    "thread":"GamePlayer - Sancho 1.61c (9147)",
    "message":"Removed 0 irrelevant propositions"
  },
  {
    "logger":"org.ggp.base.util.statemachine.implementation.propnet.forwardDeadReckon.ForwardDeadReckonPropnetStateMachine",
    "timestamp":"1449286101078",
    "level":"DEBUG",
    "thread":"GamePlayer - Sancho 1.61c (9147)",
    "message":"Num components after unreachable removal: 24934"
  },
  {
    "logger":"org.ggp.base.util.propnet.polymorphic.factory.OptimizingPolymorphicPropNetFactory",
    "timestamp":"1449286101147",
    "level":"DEBUG",
    "thread":"GamePlayer - Sancho 1.61c (9147)",
    "message":"Removed 551 redundant components"
  },
  {
    "logger":"org.ggp.base.util.statemachine.implementation.propnet.forwardDeadReckon.ForwardDeadReckonPropnetStateMachine",
    "timestamp":"1449286101190",
    "level":"DEBUG",
    "thread":"GamePlayer - Sancho 1.61c (9147)",
    "message":"Num components after first pass redundant components removal: 24385"
  },
  {
    "logger":"org.ggp.base.util.propnet.polymorphic.factory.OptimizingPolymorphicPropNetFactory",
    "timestamp":"1449286101194",
    "level":"DEBUG",
    "thread":"GamePlayer - Sancho 1.61c (9147)",
    "message":"Net components removed by input->output factorization: -35"
  },
  {
    "logger":"org.ggp.base.util.propnet.polymorphic.factory.OptimizingPolymorphicPropNetFactory",
    "timestamp":"1449286101194",
    "level":"WARN",
    "thread":"GamePlayer - Sancho 1.61c (9147)",
    "message":"Unexpected growth in size from factorization"
  },
  {
    "logger":"org.ggp.base.util.propnet.polymorphic.factory.OptimizingPolymorphicPropNetFactory",
    "timestamp":"1449286101246",
    "level":"DEBUG",
    "thread":"GamePlayer - Sancho 1.61c (9147)",
    "message":"Fanout reduction by factorization of size: 135 at a cost of 15 gates"
  },
  {
    "logger":"org.ggp.base.util.statemachine.implementation.propnet.forwardDeadReckon.ForwardDeadReckonPropnetStateMachine",
    "timestamp":"1449286101286",
    "level":"DEBUG",
    "thread":"GamePlayer - Sancho 1.61c (9147)",
    "message":"Num components after large gate refactoring: 24435"
  },
  {
    "logger":"org.ggp.base.util.propnet.polymorphic.factory.OptimizingPolymorphicPropNetFactory",
    "timestamp":"1449286101313",
    "level":"DEBUG",
    "thread":"GamePlayer - Sancho 1.61c (9147)",
    "message":"Removed 2969 duplicate components"
  },
  {
    "logger":"org.ggp.base.util.statemachine.implementation.propnet.forwardDeadReckon.ForwardDeadReckonPropnetStateMachine",
    "timestamp":"1449286101313",
    "level":"DEBUG",
    "thread":"GamePlayer - Sancho 1.61c (9147)",
    "message":"Num components after duplicate removal: 21466"
  },
  {
    "logger":"org.ggp.base.util.statemachine.implementation.propnet.forwardDeadReckon.ForwardDeadReckonPropnetStateMachine",
    "timestamp":"1449286101319",
    "level":"DEBUG",
    "thread":"GamePlayer - Sancho 1.61c (9147)",
    "message":"Num components after input set optimization: 21466"
  },
  {
    "logger":"org.ggp.base.util.statemachine.implementation.propnet.forwardDeadReckon.ForwardDeadReckonPropnetStateMachine",
    "timestamp":"1449286101334",
    "level":"DEBUG",
    "thread":"GamePlayer - Sancho 1.61c (9147)",
    "message":"Num components after inverted input optimization: 21548"
  },
  {
    "logger":"org.ggp.base.util.propnet.polymorphic.factory.OptimizingPolymorphicPropNetFactory",
    "timestamp":"1449286101383",
    "level":"DEBUG",
    "thread":"GamePlayer - Sancho 1.61c (9147)",
    "message":"Removed 147 redundant components"
  },
  {
    "logger":"org.ggp.base.util.statemachine.implementation.propnet.forwardDeadReckon.ForwardDeadReckonPropnetStateMachine",
    "timestamp":"1449286101383",
    "level":"DEBUG",
    "thread":"GamePlayer - Sancho 1.61c (9147)",
    "message":"Num components after further removal of redundant components: 21403"
  },
  {
    "logger":"org.ggp.base.util.statemachine.implementation.propnet.forwardDeadReckon.ForwardDeadReckonPropnetStateMachine",
    "timestamp":"1449286101427",
    "level":"DEBUG",
    "thread":"GamePlayer - Sancho 1.61c (9147)",
    "message":"Num components: 21403 with an average of 2 inputs."
  },
  {
    "logger":"org.ggp.base.util.statemachine.implementation.propnet.forwardDeadReckon.ForwardDeadReckonPropnetStateMachine",
    "timestamp":"1449286101427",
    "level":"DEBUG",
    "thread":"GamePlayer - Sancho 1.61c (9147)",
    "message":"Num multi-input components: 18976 with an average of 2 inputs."
  },
  {
    "logger":"org.ggp.base.util.propnet.polymorphic.forwardDeadReckon.ForwardDeadReckonPropnetFastAnimator",
    "timestamp":"1449286101466",
    "level":"DEBUG",
    "thread":"GamePlayer - Sancho 1.61c (9147)",
    "message":"Animator instance state vector size: 22308"
  },
  {
    "logger":"org.ggp.base.util.statemachine.implementation.propnet.forwardDeadReckon.FactorAnalyser",
    "timestamp":"1449286101485",
    "level":"INFO",
    "thread":"GamePlayer - Sancho 1.61c (9147)",
    "message":"Performing factor analysis"
  },
  {
    "logger":"org.ggp.base.util.statemachine.implementation.propnet.forwardDeadReckon.FactorAnalyser",
    "timestamp":"1449286109954",
    "level":"INFO",
    "thread":"GamePlayer - Sancho 1.61c (9147)",
    "message":"Control set: [( true ( immigrations 7 ) )(false), ( true ( immigrations 13 ) )(false), ( true ( immigrations 4 ) )(false), ( true ( immigrations 18 ) )(false), ( true ( immigrations 3 ) )(false), ( true ( immigrations 12 ) )(false), ( true ( immigrations 1 ) )(false), ( true ( immigrations 16 ) )(false), ( true ( immigrations 15 ) )(false), ( true ( immigrations 5 ) )(false), ( true ( immigrations 9 ) )(false), ( true ( immigrations 11 ) )(false), ( true ( immigrations 17 ) )(false), ( true ( immigrations 19 ) )(false), ( true ( immigrations 10 ) )(false), ( true ( immigrations 14 ) )(false), ( true ( immigrations 6 ) )(false), ( true ( immigrations 20 ) )(false), ( true ( immigrations 2 ) )(false), ( true ( immigrations 8 ) )(false)]"
  },
  {
    "logger":"org.ggp.base.util.statemachine.implementation.propnet.forwardDeadReckon.ForwardDeadReckonPropnetStateMachine",
    "timestamp":"1449286110254",
    "level":"INFO",
    "thread":"GamePlayer - Sancho 1.61c (9147)",
    "message":"Reducing with respect to XSentence: ( true ( marathons downgrade 2 7 ) )"
  },
  {
    "logger":"org.ggp.base.util.propnet.polymorphic.factory.OptimizingPolymorphicPropNetFactory",
    "timestamp":"1449286110254",
    "level":"DEBUG",
    "thread":"GamePlayer - Sancho 1.61c (9147)",
    "message":"Hardwire base prop ( true ( marathons downgrade 2 7 ) ) to value: true"
  },
  {
    "logger":"org.ggp.base.util.propnet.polymorphic.factory.OptimizingPolymorphicPropNetFactory",
    "timestamp":"1449286110708",
    "level":"DEBUG",
    "thread":"GamePlayer - Sancho 1.61c (9147)",
    "message":"Removed 29 redundant components"
  },
  {
    "logger":"org.ggp.base.util.propnet.polymorphic.factory.OptimizingPolymorphicPropNetFactory",
    "timestamp":"1449286111066",
    "level":"DEBUG",
    "thread":"GamePlayer - Sancho 1.61c (9147)",
    "message":"Removed 5 redundant components"
  },
  {
    "logger":"org.ggp.base.util.propnet.polymorphic.factory.OptimizingPolymorphicPropNetFactory",
    "timestamp":"1449286111357",
    "level":"DEBUG",
    "thread":"GamePlayer - Sancho 1.61c (9147)",
    "message":"Removed 5 redundant components"
  },
  {
    "logger":"org.ggp.base.util.statemachine.implementation.propnet.forwardDeadReckon.ForwardDeadReckonPropnetStateMachine",
    "timestamp":"1449286111357",
    "level":"DEBUG",
    "thread":"GamePlayer - Sancho 1.61c (9147)",
    "message":"Reverting OSentence optimizations"
  },
  {
    "logger":"org.ggp.base.util.propnet.polymorphic.factory.OptimizingPolymorphicPropNetFactory",
    "timestamp":"1449286111426",
    "level":"DEBUG",
    "thread":"GamePlayer - Sancho 1.61c (9147)",
    "message":"Hardwire base prop ( true ( marathons downgrade 2 7 ) ) to value: true"
  },
  {
    "logger":"org.ggp.base.util.propnet.polymorphic.factory.OptimizingPolymorphicPropNetFactory",
    "timestamp":"1449286111732",
    "level":"DEBUG",
    "thread":"GamePlayer - Sancho 1.61c (9147)",
    "message":"Removed 29 redundant components"
  },
  {
    "logger":"org.ggp.base.util.propnet.polymorphic.factory.OptimizingPolymorphicPropNetFactory",
    "timestamp":"1449286111992",
    "level":"DEBUG",
    "thread":"GamePlayer - Sancho 1.61c (9147)",
    "message":"Removed 5 redundant components"
  },
  {
    "logger":"org.ggp.base.util.propnet.polymorphic.factory.OptimizingPolymorphicPropNetFactory",
    "timestamp":"1449286112248",
    "level":"DEBUG",
    "thread":"GamePlayer - Sancho 1.61c (9147)",
    "message":"Removed 5 redundant components"
  },
  {
    "logger":"org.ggp.base.util.propnet.polymorphic.factory.OptimizingPolymorphicPropNetFactory",
    "timestamp":"1449286112248",
    "level":"DEBUG",
    "thread":"GamePlayer - Sancho 1.61c (9147)",
    "message":"Hardwire base prop ( true ( marathons downgrade 2 7 ) ) to value: false"
  },
  {
    "logger":"org.ggp.base.util.propnet.polymorphic.factory.OptimizingPolymorphicPropNetFactory",
    "timestamp":"1449286112514",
    "level":"DEBUG",
    "thread":"GamePlayer - Sancho 1.61c (9147)",
    "message":"Removed 21 redundant components"
  },
  {
    "logger":"org.ggp.base.util.propnet.polymorphic.factory.OptimizingPolymorphicPropNetFactory",
    "timestamp":"1449286112775",
    "level":"DEBUG",
    "thread":"GamePlayer - Sancho 1.61c (9147)",
    "message":"Removed 5 redundant components"
  },
  {
    "logger":"org.ggp.base.util.statemachine.implementation.propnet.forwardDeadReckon.ForwardDeadReckonPropnetStateMachine",
    "timestamp":"1449286112833",
    "level":"DEBUG",
    "thread":"GamePlayer - Sancho 1.61c (9147)",
    "message":"Num components remaining in X-net: 21246"
  },
  {
    "logger":"org.ggp.base.util.statemachine.implementation.propnet.forwardDeadReckon.ForwardDeadReckonPropnetStateMachine",
    "timestamp":"1449286112833",
    "level":"DEBUG",
    "thread":"GamePlayer - Sancho 1.61c (9147)",
    "message":"Num components remaining in O-net: 21314"
  },
  {
    "logger":"org.ggp.base.util.propnet.polymorphic.factory.OptimizingPolymorphicPropNetFactory",
    "timestamp":"1449286113827",
    "level":"DEBUG",
    "thread":"GamePlayer - Sancho 1.61c (9147)",
    "message":"Removed 14394 redundant components"
  },
  {
    "logger":"org.ggp.base.util.propnet.polymorphic.factory.OptimizingPolymorphicPropNetFactory",
    "timestamp":"1449286113844",
    "level":"DEBUG",
    "thread":"GamePlayer - Sancho 1.61c (9147)",
    "message":"Removed 5 redundant components"
  },
  {
    "logger":"org.ggp.base.util.propnet.polymorphic.factory.OptimizingPolymorphicPropNetFactory",
    "timestamp":"1449286114770",
    "level":"DEBUG",
    "thread":"GamePlayer - Sancho 1.61c (9147)",
    "message":"Removed 14394 redundant components"
  },
  {
    "logger":"org.ggp.base.util.propnet.polymorphic.factory.OptimizingPolymorphicPropNetFactory",
    "timestamp":"1449286114788",
    "level":"DEBUG",
    "thread":"GamePlayer - Sancho 1.61c (9147)",
    "message":"Removed 5 redundant components"
  },
  {
    "logger":"org.ggp.base.util.propnet.polymorphic.factory.OptimizingPolymorphicPropNetFactory",
    "timestamp":"1449286115158",
    "level":"DEBUG",
    "thread":"GamePlayer - Sancho 1.61c (9147)",
    "message":"Removed 19582 redundant components"
  },
  {
    "logger":"org.ggp.base.util.propnet.polymorphic.factory.OptimizingPolymorphicPropNetFactory",
    "timestamp":"1449286115161",
    "level":"DEBUG",
    "thread":"GamePlayer - Sancho 1.61c (9147)",
    "message":"Removed 2 redundant components"
  },
  {
    "logger":"org.ggp.base.util.propnet.polymorphic.factory.OptimizingPolymorphicPropNetFactory",
    "timestamp":"1449286115161",
    "level":"DEBUG",
    "thread":"GamePlayer - Sancho 1.61c (9147)",
    "message":"Removed 2 redundant components"
  },
  {
    "logger":"org.ggp.base.util.propnet.polymorphic.factory.OptimizingPolymorphicPropNetFactory",
    "timestamp":"1449286115411",
    "level":"DEBUG",
    "thread":"GamePlayer - Sancho 1.61c (9147)",
    "message":"Removed 5193 redundant components"
  },
  {
    "logger":"org.ggp.base.util.propnet.polymorphic.factory.OptimizingPolymorphicPropNetFactory",
    "timestamp":"1449286115423",
    "level":"DEBUG",
    "thread":"GamePlayer - Sancho 1.61c (9147)",
    "message":"Removed 2 redundant components"
  },
  {
    "logger":"org.ggp.base.util.propnet.polymorphic.factory.OptimizingPolymorphicPropNetFactory",
    "timestamp":"1449286115437",
    "level":"DEBUG",
    "thread":"GamePlayer - Sancho 1.61c (9147)",
    "message":"Removed 2 redundant components"
  },
  {
    "logger":"org.ggp.base.util.statemachine.implementation.propnet.forwardDeadReckon.ForwardDeadReckonPropnetStateMachine",
    "timestamp":"1449286115457",
    "level":"INFO",
    "thread":"GamePlayer - Sancho 1.61c (9147)",
    "message":"Num components in goal-less X-net: 6825"
  },
  {
    "logger":"org.ggp.base.util.statemachine.implementation.propnet.forwardDeadReckon.ForwardDeadReckonPropnetStateMachine",
    "timestamp":"1449286115457",
    "level":"INFO",
    "thread":"GamePlayer - Sancho 1.61c (9147)",
    "message":"Num components in goal-less O-net: 6893"
  },
  {
    "logger":"org.ggp.base.util.statemachine.implementation.propnet.forwardDeadReckon.ForwardDeadReckonPropnetStateMachine",
    "timestamp":"1449286115457",
    "level":"INFO",
    "thread":"GamePlayer - Sancho 1.61c (9147)",
    "message":"Num components in goal net:        14679"
  },
  {
    "logger":"org.ggp.base.util.statemachine.implementation.propnet.forwardDeadReckon.ForwardDeadReckonPropnetStateMachine",
    "timestamp":"1449286115457",
    "level":"INFO",
    "thread":"GamePlayer - Sancho 1.61c (9147)",
    "message":"Num components in terminality net: 2"
  },
  {
    "logger":"org.ggp.base.util.propnet.polymorphic.forwardDeadReckon.ForwardDeadReckonPropnetFastAnimator",
    "timestamp":"1449286115491",
    "level":"DEBUG",
    "thread":"GamePlayer - Sancho 1.61c (9147)",
    "message":"Animator instance state vector size: 22186"
  },
  {
    "logger":"org.ggp.base.util.propnet.polymorphic.forwardDeadReckon.ForwardDeadReckonPropnetFastAnimator",
    "timestamp":"1449286115540",
    "level":"DEBUG",
    "thread":"GamePlayer - Sancho 1.61c (9147)",
    "message":"Animator instance state vector size: 22254"
  },
  {
    "logger":"org.ggp.base.util.propnet.polymorphic.forwardDeadReckon.ForwardDeadReckonPropnetFastAnimator",
    "timestamp":"1449286115577",
    "level":"DEBUG",
    "thread":"GamePlayer - Sancho 1.61c (9147)",
    "message":"Animator instance state vector size: 16042"
  },
  {
    "logger":"org.ggp.base.util.propnet.polymorphic.forwardDeadReckon.ForwardDeadReckonPropnetFastAnimator",
    "timestamp":"1449286115586",
    "level":"DEBUG",
    "thread":"GamePlayer - Sancho 1.61c (9147)",
    "message":"Animator instance state vector size: 0"
  },
  {
    "logger":"org.ggp.base.player.gamer.statemachine.sancho.Sancho",
    "timestamp":"1449286115590",
    "level":"INFO",
    "thread":"GamePlayer - Sancho 1.61c (9147)",
    "message":"This is Sancho 1.61c with last commit 4d47cf5cac0eef6da0f3980fa03cf0c8017d5675"
  },
  {
    "logger":"org.ggp.base.player.gamer.statemachine.sancho.MachineSpecificConfiguration",
    "timestamp":"1449286115590",
    "level":"INFO",
    "thread":"GamePlayer - Sancho 1.61c (9147)",
    "message":"Running with machine-specific properties:"
  },
  {
    "logger":"org.ggp.base.player.gamer.statemachine.sancho.MachineSpecificConfiguration",
    "timestamp":"1449286115590",
    "level":"INFO",
    "thread":"GamePlayer - Sancho 1.61c (9147)",
    "message":"\tSAFETY_MARGIN = 3300 (default: 2500)"
  },
  {
    "logger":"org.ggp.base.player.gamer.statemachine.sancho.MachineSpecificConfiguration",
    "timestamp":"1449286115590",
    "level":"INFO",
    "thread":"GamePlayer - Sancho 1.61c (9147)",
    "message":"\tWC_LOCATION = C:\/Personal\/Projects\/GGP\/ggp-base (default: null)"
  },
  {
    "logger":"org.ggp.base.player.gamer.statemachine.sancho.MachineSpecificConfiguration",
    "timestamp":"1449286115590",
    "level":"INFO",
    "thread":"GamePlayer - Sancho 1.61c (9147)",
    "message":"\tCPU_INTENSIVE_THREADS = 4 (default: -1)"
  },
  {
    "logger":"org.ggp.base.player.gamer.statemachine.sancho.MachineSpecificConfiguration",
    "timestamp":"1449286115590",
    "level":"INFO",
    "thread":"GamePlayer - Sancho 1.61c (9147)",
    "message":"\tUSE_AFFINITY = false (default: true)"
  },
  {
    "logger":"org.ggp.base.player.gamer.statemachine.sancho.Sancho",
    "timestamp":"1449286115601",
    "level":"INFO",
    "thread":"GamePlayer - Sancho 1.61c (9147)",
    "message":"Start clock: 120s"
  },
  {
    "logger":"org.ggp.base.player.gamer.statemachine.sancho.Sancho",
    "timestamp":"1449286115601",
    "level":"INFO",
    "thread":"GamePlayer - Sancho 1.61c (9147)",
    "message":"Play clock:  15s"
  },
  {
    "logger":"org.ggp.base.player.gamer.statemachine.sancho.Sancho",
    "timestamp":"1449286115601",
    "level":"INFO",
    "thread":"GamePlayer - Sancho 1.61c (9147)",
    "message":"We are:      budgeting"
  },
  {
    "logger":"org.ggp.base.util.statemachine.implementation.propnet.forwardDeadReckon.ForwardDeadReckonPropnetStateMachine",
    "timestamp":"1449286115601",
    "level":"DEBUG",
    "thread":"GamePlayer - Sancho 1.61c (9147)",
    "message":"Latch(-ve): ( true ( infectiousness 7 3 roundabout ) )(false)"
  },
  {
    "logger":"org.ggp.base.util.statemachine.implementation.propnet.forwardDeadReckon.ForwardDeadReckonPropnetStateMachine",
    "timestamp":"1449286115602",
    "level":"DEBUG",
    "thread":"GamePlayer - Sancho 1.61c (9147)",
    "message":"Latch(-ve): ( true ( infectiousness 6 7 roundabout ) )(false)"
  },
  {
    "logger":"org.ggp.base.util.statemachine.implementation.propnet.forwardDeadReckon.ForwardDeadReckonPropnetStateMachine",
    "timestamp":"1449286115602",
    "level":"DEBUG",
    "thread":"GamePlayer - Sancho 1.61c (9147)",
    "message":"Latch(-ve): ( true ( infectiousness 4 3 roundabout ) )(false)"
  },
  {
    "logger":"org.ggp.base.util.statemachine.implementation.propnet.forwardDeadReckon.ForwardDeadReckonPropnetStateMachine",
    "timestamp":"1449286115602",
    "level":"DEBUG",
    "thread":"GamePlayer - Sancho 1.61c (9147)",
    "message":"Latch(-ve): ( true ( infectiousness 2 6 roundabout ) )(false)"
  },
  {
    "logger":"org.ggp.base.util.statemachine.implementation.propnet.forwardDeadReckon.ForwardDeadReckonPropnetStateMachine",
    "timestamp":"1449286115604",
    "level":"DEBUG",
    "thread":"GamePlayer - Sancho 1.61c (9147)",
    "message":"Latch(-ve): ( true ( infectiousness 2 3 roundabout ) )(false)"
  },
  {
    "logger":"org.ggp.base.util.statemachine.implementation.propnet.forwardDeadReckon.ForwardDeadReckonPropnetStateMachine",
    "timestamp":"1449286115604",
    "level":"DEBUG",
    "thread":"GamePlayer - Sancho 1.61c (9147)",
    "message":"Latch(-ve): ( true ( infectiousness 1 3 roundabout ) )(false)"
  },
  {
    "logger":"org.ggp.base.util.statemachine.implementation.propnet.forwardDeadReckon.ForwardDeadReckonPropnetStateMachine",
    "timestamp":"1449286115608",
    "level":"DEBUG",
    "thread":"GamePlayer - Sancho 1.61c (9147)",
    "message":"Latch(-ve): ( true ( infectiousness 3 2 roundabout ) )(false)"
  },
  {
    "logger":"org.ggp.base.util.statemachine.implementation.propnet.forwardDeadReckon.ForwardDeadReckonPropnetStateMachine",
    "timestamp":"1449286115610",
    "level":"DEBUG",
    "thread":"GamePlayer - Sancho 1.61c (9147)",
    "message":"Latch(-ve): ( true ( infectiousness 6 4 roundabout ) )(false)"
  },
  {
    "logger":"org.ggp.base.util.statemachine.implementation.propnet.forwardDeadReckon.ForwardDeadReckonPropnetStateMachine",
    "timestamp":"1449286115610",
    "level":"DEBUG",
    "thread":"GamePlayer - Sancho 1.61c (9147)",
    "message":"Latch(-ve): ( true ( infectiousness 6 1 roundabout ) )(false)"
  },
  {
    "logger":"org.ggp.base.util.statemachine.implementation.propnet.forwardDeadReckon.ForwardDeadReckonPropnetStateMachine",
    "timestamp":"1449286115613",
    "level":"DEBUG",
    "thread":"GamePlayer - Sancho 1.61c (9147)",
    "message":"Latch(-ve): ( true ( infectiousness 8 1 roundabout ) )(false)"
  },
  {
    "logger":"org.ggp.base.util.statemachine.implementation.propnet.forwardDeadReckon.ForwardDeadReckonPropnetStateMachine",
    "timestamp":"1449286115614",
    "level":"DEBUG",
    "thread":"GamePlayer - Sancho 1.61c (9147)",
    "message":"Latch(-ve): ( true ( infectiousness 6 3 roundabout ) )(false)"
  },
  {
    "logger":"org.ggp.base.util.statemachine.implementation.propnet.forwardDeadReckon.ForwardDeadReckonPropnetStateMachine",
    "timestamp":"1449286115614",
    "level":"DEBUG",
    "thread":"GamePlayer - Sancho 1.61c (9147)",
    "message":"Latch(-ve): ( true ( infectiousness 3 6 roundabout ) )(false)"
  },
  {
    "logger":"org.ggp.base.util.statemachine.implementation.propnet.forwardDeadReckon.ForwardDeadReckonPropnetStateMachine",
    "timestamp":"1449286115615",
    "level":"DEBUG",
    "thread":"GamePlayer - Sancho 1.61c (9147)",
    "message":"Latch(-ve): ( true ( infectiousness 8 4 roundabout ) )(false)"
  },
  {
    "logger":"org.ggp.base.util.statemachine.implementation.propnet.forwardDeadReckon.ForwardDeadReckonPropnetStateMachine",
    "timestamp":"1449286115616",
    "level":"DEBUG",
    "thread":"GamePlayer - Sancho 1.61c (9147)",
    "message":"Latch(-ve): ( true ( infectiousness 2 1 roundabout ) )(false)"
  },
  {
    "logger":"org.ggp.base.util.statemachine.implementation.propnet.forwardDeadReckon.ForwardDeadReckonPropnetStateMachine",
    "timestamp":"1449286115619",
    "level":"INFO",
    "thread":"GamePlayer - Sancho 1.61c (9147)",
    "message":"No positive goal latches"
  },
  {
    "logger":"org.ggp.base.util.statemachine.implementation.propnet.forwardDeadReckon.ForwardDeadReckonPropnetStateMachine",
    "timestamp":"1449286115619",
    "level":"INFO",
    "thread":"GamePlayer - Sancho 1.61c (9147)",
    "message":"No negative goal latches"
  },
  {
    "logger":"org.ggp.base.player.gamer.statemachine.sancho.PayoffMatrixGamePlayer",
    "timestamp":"1449286115619",
    "level":"INFO",
    "thread":"GamePlayer - Sancho 1.61c (9147)",
    "message":"Not suitable for PayoffMatrixGamePlayer: Not a 2-player game"
  },
  {
    "logger":"org.ggp.base.player.gamer.statemachine.sancho.heuristic.CombinedHeuristic",
    "timestamp":"1449286115619",
    "level":"DEBUG",
    "thread":"GamePlayer - Sancho 1.61c (9147)",
    "message":"CombinedHeuristic: Adding PieceHeuristic"
  },
  {
    "logger":"org.ggp.base.player.gamer.statemachine.sancho.heuristic.CombinedHeuristic",
    "timestamp":"1449286115619",
    "level":"DEBUG",
    "thread":"GamePlayer - Sancho 1.61c (9147)",
    "message":"CombinedHeuristic: Adding MajorityGoalsHeuristic"
  },
  {
    "logger":"org.ggp.base.player.gamer.statemachine.sancho.heuristic.CombinedHeuristic",
    "timestamp":"1449286115619",
    "level":"DEBUG",
    "thread":"GamePlayer - Sancho 1.61c (9147)",
    "message":"CombinedHeuristic: Adding GoalsStabilityHeuristic"
  },
  {
    "logger":"org.ggp.base.player.gamer.statemachine.sancho.heuristic.CombinedHeuristic",
    "timestamp":"1449286115619",
    "level":"DEBUG",
    "thread":"GamePlayer - Sancho 1.61c (9147)",
    "message":"CombinedHeuristic: Removing disabled MajorityGoalsHeuristic"
  },
  {
    "logger":"org.ggp.base.player.gamer.statemachine.sancho.Sancho",
    "timestamp":"1449286115653",
    "level":"DEBUG",
    "thread":"GamePlayer - Sancho 1.61c (9147)",
    "message":"Eliminating role control props"
  },
  {
    "logger":"org.ggp.base.player.gamer.statemachine.sancho.Sancho",
    "timestamp":"1449286115653",
    "level":"DEBUG",
    "thread":"GamePlayer - Sancho 1.61c (9147)",
    "message":"Eliminating role control props"
  },
  {
    "logger":"org.ggp.base.player.gamer.statemachine.sancho.Sancho",
    "timestamp":"1449286115653",
    "level":"DEBUG",
    "thread":"GamePlayer - Sancho 1.61c (9147)",
    "message":"Eliminating role control props"
  },
  {
    "logger":"org.ggp.base.player.gamer.statemachine.sancho.Sancho",
    "timestamp":"1449286115653",
    "level":"DEBUG",
    "thread":"GamePlayer - Sancho 1.61c (9147)",
    "message":"Eliminating role control props"
  },
  {
    "logger":"org.ggp.base.player.gamer.statemachine.sancho.heuristic.CombinedHeuristic",
    "timestamp":"1449286115724",
    "level":"DEBUG",
    "thread":"GamePlayer - Sancho 1.61c (9147)",
    "message":"CombinedHeuristic: Removing disabled PieceHeuristic"
  },
  {
    "logger":"org.ggp.base.player.gamer.statemachine.sancho.heuristic.CombinedHeuristic",
    "timestamp":"1449286115724",
    "level":"DEBUG",
    "thread":"GamePlayer - Sancho 1.61c (9147)",
    "message":"CombinedHeuristic: Removing disabled GoalsStabilityHeuristic"
  },
  {
    "logger":"org.ggp.base.player.gamer.statemachine.sancho.heuristic.CombinedHeuristic",
    "timestamp":"1449286115724",
    "level":"INFO",
    "thread":"GamePlayer - Sancho 1.61c (9147)",
    "message":"No heuristics enabled"
  },
  {
    "logger":"org.ggp.base.player.gamer.statemachine.sancho.Sancho",
    "timestamp":"1449286115724",
    "level":"INFO",
    "thread":"GamePlayer - Sancho 1.61c (9147)",
    "message":"Performed 100 simulations to calculate heuristics"
  },
  {
    "logger":"org.ggp.base.util.propnet.polymorphic.forwardDeadReckon.ForwardDeadReckonPropnetFastAnimator",
    "timestamp":"1449286115737",
    "level":"DEBUG",
    "thread":"GamePlayer - Sancho 1.61c (9147)",
    "message":"Animator instance state vector size: 6139"
  },
  {
    "logger":"org.ggp.base.util.propnet.polymorphic.forwardDeadReckon.ForwardDeadReckonPropnetFastAnimator",
    "timestamp":"1449286115758",
    "level":"DEBUG",
    "thread":"GamePlayer - Sancho 1.61c (9147)",
    "message":"Animator instance state vector size: 6211"
  },
  {
    "logger":"org.ggp.base.player.gamer.statemachine.StateMachineGamer",
    "timestamp":"1449286115765",
    "level":"ERROR",
    "thread":"GamePlayer - Sancho 1.61c (9147)",
    "message":"Exception in player during meta-gaming",
    "throwable":"java.lang.NullPointerException\\n\tat org.ggp.base.util.statemachine.implementation.propnet.forwardDeadReckon.ForwardDeadReckonPropnetStateMachine.transitionToRandomJointMove(ForwardDeadReckonPropnetStateMachine.java:4060)\\n\tat org.ggp.base.util.statemachine.implementation.propnet.forwardDeadReckon.ForwardDeadReckonPropnetStateMachine.getDepthChargeResult(ForwardDeadReckonPropnetStateMachine.java:4385)\\n\tat org.ggp.base.player.gamer.statemachine.sancho.Sancho.stateMachineMetaGame(Sancho.java:817)\\n\tat org.ggp.base.player.gamer.statemachine.StateMachineGamer.metaGame(StateMachineGamer.java:208)\\n\tat org.ggp.base.player.request.grammar.StartRequest.process(StartRequest.java:70)\\n\tat org.ggp.base.player.GamePlayer.run(GamePlayer.java:111)\\n"
  },
  {
    "logger":"org.ggp.base.player.gamer.statemachine.sancho.StdOutErrLog",
    "timestamp":"1449286115767",
    "level":"WARN",
    "thread":"GamePlayer - Sancho 1.61c (9147)",
    "message":"[GamePlayer] java.lang.NullPointerException\r\n\tat org.ggp.base.util.statemachine.implementation.propnet.forwardDeadReckon.ForwardDeadReckonPropnetStateMachine.transitionToRandomJointMove(ForwardDeadReckonPropnetStateMachine.java:4060)\r\n\tat org.ggp.base.util.statemachine.implementation.propnet.forwardDeadReckon.ForwardDeadReckonPropnetStateMachine.getDepthChargeResult(ForwardDeadReckonPropnetStateMachine.java:4385)\r\n\tat org.ggp.base.player.gamer.statemachine.sancho.Sancho.stateMachineMetaGame(Sancho.java:817)\r\n\tat org.ggp.base.player.gamer.statemachine.StateMachineGamer.metaGame(StateMachineGamer.java:208)\r\n\tat org.ggp.base.player.request.grammar.StartRequest.process(StartRequest.java:70)\r\n\tat org.ggp.base.player.GamePlayer.run(GamePlayer.java:111)\r\n"
  },
  {
    "logger":"org.ggp.base.player.gamer.statemachine.sancho.StdOutErrLog",
    "timestamp":"1449286115770",
    "level":"WARN",
    "thread":"GamePlayer - Sancho 1.61c (9147)",
    "message":"[GamePlayer] An unhandled exception occurred during metagaming: org.ggp.base.player.gamer.exception.MetaGamingException: java.lang.NullPointerException\r\n\tat org.ggp.base.player.gamer.statemachine.StateMachineGamer.metaGame(StateMachineGamer.java:214)\r\n\tat org.ggp.base.player.request.grammar.StartRequest.process(StartRequest.java:70)\r\n\tat org.ggp.base.player.GamePlayer.run(GamePlayer.java:111)\r\nCaused by: java.lang.NullPointerException\r\n\tat org.ggp.base.util.statemachine.implementation.propnet.forwardDeadReckon.ForwardDeadReckonPropnetStateMachine.transitionToRandomJointMove(ForwardDeadReckonPropnetStateMachine.java:4060)\r\n\tat org.ggp.base.util.statemachine.implementation.propnet.forwardDeadReckon.ForwardDeadReckonPropnetStateMachine.getDepthChargeResult(ForwardDeadReckonPropnetStateMachine.java:4385)\r\n\tat org.ggp.base.player.gamer.statemachine.sancho.Sancho.stateMachineMetaGame(Sancho.java:817)\r\n\tat org.ggp.base.player.gamer.statemachine.StateMachineGamer.metaGame(StateMachineGamer.java:208)\r\n\t... 2 more\r\n"
  },
  {
    "logger":"org.ggp.base.player.request.factory.RequestFactory",
    "timestamp":"1449286212119",
    "level":"DEBUG",
    "thread":"GamePlayer - Sancho 1.61c (9147)",
    "message":"GGP-Match-Step: 0"
  },
  {
    "logger":"org.ggp.base.player.request.factory.RequestFactory",
    "timestamp":"1449286212119",
    "level":"DEBUG",
    "thread":"GamePlayer - Sancho 1.61c (9147)",
    "message":"GGP-Match-Players: 0bb22f3239d8f91e1435b31f496cbeb5cc79a475, eb8a0f65f8f136fc46c7adb04d7d1fa499261c27, ebf7395e4cdc579ad6ba693f5d81e8823abf1bd1, 0ce66b3bc773d4cf6bb777c3f6825d1bced362c2"
  },
  {
    "logger":"org.ggp.base.player.request.factory.RequestFactory",
    "timestamp":"1449286212119",
    "level":"DEBUG",
    "thread":"GamePlayer - Sancho 1.61c (9147)",
    "message":"GGP-Match-Host: Tiltyard"
  },
  {
    "logger":"org.ggp.base.player.request.factory.RequestFactory",
    "timestamp":"1449286212119",
    "level":"DEBUG",
    "thread":"GamePlayer - Sancho 1.61c (9147)",
    "message":"GGP-Match-ID: tiltyard.battlebrushesv0.1449286087770"
  },
  {
    "logger":"org.ggp.base.player.gamer.statemachine.sancho.StdOutErrLog",
    "timestamp":"1449286212120",
    "level":"WARN",
    "thread":"GamePlayer - Sancho 1.61c (9147)",
    "message":"[GamePlayer] Got play message not intended for current game: ignoring."
  },
  {
    "logger":"org.ggp.base.player.request.factory.RequestFactory",
    "timestamp":"1449286226871",
    "level":"DEBUG",
    "thread":"GamePlayer - Sancho 1.61c (9147)",
    "message":"GGP-Match-Step: 1"
  },
  {
    "logger":"org.ggp.base.player.request.factory.RequestFactory",
    "timestamp":"1449286226871",
    "level":"DEBUG",
    "thread":"GamePlayer - Sancho 1.61c (9147)",
    "message":"GGP-Match-Players: 0bb22f3239d8f91e1435b31f496cbeb5cc79a475, eb8a0f65f8f136fc46c7adb04d7d1fa499261c27, ebf7395e4cdc579ad6ba693f5d81e8823abf1bd1, 0ce66b3bc773d4cf6bb777c3f6825d1bced362c2"
  },
  {
    "logger":"org.ggp.base.player.request.factory.RequestFactory",
    "timestamp":"1449286226871",
    "level":"DEBUG",
    "thread":"GamePlayer - Sancho 1.61c (9147)",
    "message":"GGP-Match-Host: Tiltyard"
  },
  {
    "logger":"org.ggp.base.player.request.factory.RequestFactory",
    "timestamp":"1449286226871",
    "level":"DEBUG",
    "thread":"GamePlayer - Sancho 1.61c (9147)",
    "message":"GGP-Match-ID: tiltyard.battlebrushesv0.1449286087770"
  },
  {
    "logger":"org.ggp.base.player.gamer.statemachine.sancho.StdOutErrLog",
    "timestamp":"1449286226871",
    "level":"WARN",
    "thread":"GamePlayer - Sancho 1.61c (9147)",
    "message":"[GamePlayer] Got play message not intended for current game: ignoring."
  },
  {
    "logger":"org.ggp.base.player.request.factory.RequestFactory",
    "timestamp":"1449286241789",
    "level":"DEBUG",
    "thread":"GamePlayer - Sancho 1.61c (9147)",
    "message":"GGP-Match-Step: 2"
  },
  {
    "logger":"org.ggp.base.player.request.factory.RequestFactory",
    "timestamp":"1449286241789",
    "level":"DEBUG",
    "thread":"GamePlayer - Sancho 1.61c (9147)",
    "message":"GGP-Match-Players: 0bb22f3239d8f91e1435b31f496cbeb5cc79a475, eb8a0f65f8f136fc46c7adb04d7d1fa499261c27, ebf7395e4cdc579ad6ba693f5d81e8823abf1bd1, 0ce66b3bc773d4cf6bb777c3f6825d1bced362c2"
  },
  {
    "logger":"org.ggp.base.player.request.factory.RequestFactory",
    "timestamp":"1449286241789",
    "level":"DEBUG",
    "thread":"GamePlayer - Sancho 1.61c (9147)",
    "message":"GGP-Match-Host: Tiltyard"
  },
  {
    "logger":"org.ggp.base.player.request.factory.RequestFactory",
    "timestamp":"1449286241789",
    "level":"DEBUG",
    "thread":"GamePlayer - Sancho 1.61c (9147)",
    "message":"GGP-Match-ID: tiltyard.battlebrushesv0.1449286087770"
  },
  {
    "logger":"org.ggp.base.player.gamer.statemachine.sancho.StdOutErrLog",
    "timestamp":"1449286241789",
    "level":"WARN",
    "thread":"GamePlayer - Sancho 1.61c (9147)",
    "message":"[GamePlayer] Got play message not intended for current game: ignoring."
  },
  {
    "logger":"org.ggp.base.player.request.factory.RequestFactory",
    "timestamp":"1449286256533",
    "level":"DEBUG",
    "thread":"GamePlayer - Sancho 1.61c (9147)",
    "message":"GGP-Match-Step: 3"
  },
  {
    "logger":"org.ggp.base.player.request.factory.RequestFactory",
    "timestamp":"1449286256533",
    "level":"DEBUG",
    "thread":"GamePlayer - Sancho 1.61c (9147)",
    "message":"GGP-Match-Players: 0bb22f3239d8f91e1435b31f496cbeb5cc79a475, eb8a0f65f8f136fc46c7adb04d7d1fa499261c27, ebf7395e4cdc579ad6ba693f5d81e8823abf1bd1, 0ce66b3bc773d4cf6bb777c3f6825d1bced362c2"
  },
  {
    "logger":"org.ggp.base.player.request.factory.RequestFactory",
    "timestamp":"1449286256533",
    "level":"DEBUG",
    "thread":"GamePlayer - Sancho 1.61c (9147)",
    "message":"GGP-Match-Host: Tiltyard"
  },
  {
    "logger":"org.ggp.base.player.request.factory.RequestFactory",
    "timestamp":"1449286256533",
    "level":"DEBUG",
    "thread":"GamePlayer - Sancho 1.61c (9147)",
    "message":"GGP-Match-ID: tiltyard.battlebrushesv0.1449286087770"
  },
  {
    "logger":"org.ggp.base.player.gamer.statemachine.sancho.StdOutErrLog",
    "timestamp":"1449286256533",
    "level":"WARN",
    "thread":"GamePlayer - Sancho 1.61c (9147)",
    "message":"[GamePlayer] Got play message not intended for current game: ignoring."
  },
  {
    "logger":"org.ggp.base.player.request.factory.RequestFactory",
    "timestamp":"1449286271325",
    "level":"DEBUG",
    "thread":"GamePlayer - Sancho 1.61c (9147)",
    "message":"GGP-Match-Step: 4"
  },
  {
    "logger":"org.ggp.base.player.request.factory.RequestFactory",
    "timestamp":"1449286271325",
    "level":"DEBUG",
    "thread":"GamePlayer - Sancho 1.61c (9147)",
    "message":"GGP-Match-Players: 0bb22f3239d8f91e1435b31f496cbeb5cc79a475, eb8a0f65f8f136fc46c7adb04d7d1fa499261c27, ebf7395e4cdc579ad6ba693f5d81e8823abf1bd1, 0ce66b3bc773d4cf6bb777c3f6825d1bced362c2"
  },
  {
    "logger":"org.ggp.base.player.request.factory.RequestFactory",
    "timestamp":"1449286271325",
    "level":"DEBUG",
    "thread":"GamePlayer - Sancho 1.61c (9147)",
    "message":"GGP-Match-Host: Tiltyard"
  },
  {
    "logger":"org.ggp.base.player.request.factory.RequestFactory",
    "timestamp":"1449286271325",
    "level":"DEBUG",
    "thread":"GamePlayer - Sancho 1.61c (9147)",
    "message":"GGP-Match-ID: tiltyard.battlebrushesv0.1449286087770"
  },
  {
    "logger":"org.ggp.base.player.gamer.statemachine.sancho.StdOutErrLog",
    "timestamp":"1449286271326",
    "level":"WARN",
    "thread":"GamePlayer - Sancho 1.61c (9147)",
    "message":"[GamePlayer] Got play message not intended for current game: ignoring."
  },
  {
    "logger":"org.ggp.base.player.request.factory.RequestFactory",
    "timestamp":"1449286286180",
    "level":"DEBUG",
    "thread":"GamePlayer - Sancho 1.61c (9147)",
    "message":"GGP-Match-Step: 5"
  },
  {
    "logger":"org.ggp.base.player.request.factory.RequestFactory",
    "timestamp":"1449286286180",
    "level":"DEBUG",
    "thread":"GamePlayer - Sancho 1.61c (9147)",
    "message":"GGP-Match-Players: 0bb22f3239d8f91e1435b31f496cbeb5cc79a475, eb8a0f65f8f136fc46c7adb04d7d1fa499261c27, ebf7395e4cdc579ad6ba693f5d81e8823abf1bd1, 0ce66b3bc773d4cf6bb777c3f6825d1bced362c2"
  },
  {
    "logger":"org.ggp.base.player.request.factory.RequestFactory",
    "timestamp":"1449286286180",
    "level":"DEBUG",
    "thread":"GamePlayer - Sancho 1.61c (9147)",
    "message":"GGP-Match-Host: Tiltyard"
  },
  {
    "logger":"org.ggp.base.player.request.factory.RequestFactory",
    "timestamp":"1449286286180",
    "level":"DEBUG",
    "thread":"GamePlayer - Sancho 1.61c (9147)",
    "message":"GGP-Match-ID: tiltyard.battlebrushesv0.1449286087770"
  },
  {
    "logger":"org.ggp.base.player.gamer.statemachine.sancho.StdOutErrLog",
    "timestamp":"1449286286180",
    "level":"WARN",
    "thread":"GamePlayer - Sancho 1.61c (9147)",
    "message":"[GamePlayer] Got play message not intended for current game: ignoring."
  },
  {
    "logger":"org.ggp.base.player.request.factory.RequestFactory",
    "timestamp":"1449286300945",
    "level":"DEBUG",
    "thread":"GamePlayer - Sancho 1.61c (9147)",
    "message":"GGP-Match-Step: 6"
  },
  {
    "logger":"org.ggp.base.player.request.factory.RequestFactory",
    "timestamp":"1449286300945",
    "level":"DEBUG",
    "thread":"GamePlayer - Sancho 1.61c (9147)",
    "message":"GGP-Match-Players: 0bb22f3239d8f91e1435b31f496cbeb5cc79a475, eb8a0f65f8f136fc46c7adb04d7d1fa499261c27, ebf7395e4cdc579ad6ba693f5d81e8823abf1bd1, 0ce66b3bc773d4cf6bb777c3f6825d1bced362c2"
  },
  {
    "logger":"org.ggp.base.player.request.factory.RequestFactory",
    "timestamp":"1449286300945",
    "level":"DEBUG",
    "thread":"GamePlayer - Sancho 1.61c (9147)",
    "message":"GGP-Match-Host: Tiltyard"
  },
  {
    "logger":"org.ggp.base.player.request.factory.RequestFactory",
    "timestamp":"1449286300945",
    "level":"DEBUG",
    "thread":"GamePlayer - Sancho 1.61c (9147)",
    "message":"GGP-Match-ID: tiltyard.battlebrushesv0.1449286087770"
  },
  {
    "logger":"org.ggp.base.player.gamer.statemachine.sancho.StdOutErrLog",
    "timestamp":"1449286300946",
    "level":"WARN",
    "thread":"GamePlayer - Sancho 1.61c (9147)",
    "message":"[GamePlayer] Got play message not intended for current game: ignoring."
  },
  {
    "logger":"org.ggp.base.player.request.factory.RequestFactory",
    "timestamp":"1449286315698",
    "level":"DEBUG",
    "thread":"GamePlayer - Sancho 1.61c (9147)",
    "message":"GGP-Match-Step: 7"
  },
  {
    "logger":"org.ggp.base.player.request.factory.RequestFactory",
    "timestamp":"1449286315698",
    "level":"DEBUG",
    "thread":"GamePlayer - Sancho 1.61c (9147)",
    "message":"GGP-Match-Players: 0bb22f3239d8f91e1435b31f496cbeb5cc79a475, eb8a0f65f8f136fc46c7adb04d7d1fa499261c27, ebf7395e4cdc579ad6ba693f5d81e8823abf1bd1, 0ce66b3bc773d4cf6bb777c3f6825d1bced362c2"
  },
  {
    "logger":"org.ggp.base.player.request.factory.RequestFactory",
    "timestamp":"1449286315698",
    "level":"DEBUG",
    "thread":"GamePlayer - Sancho 1.61c (9147)",
    "message":"GGP-Match-Host: Tiltyard"
  },
  {
    "logger":"org.ggp.base.player.request.factory.RequestFactory",
    "timestamp":"1449286315698",
    "level":"DEBUG",
    "thread":"GamePlayer - Sancho 1.61c (9147)",
    "message":"GGP-Match-ID: tiltyard.battlebrushesv0.1449286087770"
  },
  {
    "logger":"org.ggp.base.player.gamer.statemachine.sancho.StdOutErrLog",
    "timestamp":"1449286315698",
    "level":"WARN",
    "thread":"GamePlayer - Sancho 1.61c (9147)",
    "message":"[GamePlayer] Got play message not intended for current game: ignoring."
  },
  {
    "logger":"org.ggp.base.player.request.factory.RequestFactory",
    "timestamp":"1449286330419",
    "level":"DEBUG",
    "thread":"GamePlayer - Sancho 1.61c (9147)",
    "message":"GGP-Match-Step: 8"
  },
  {
    "logger":"org.ggp.base.player.request.factory.RequestFactory",
    "timestamp":"1449286330419",
    "level":"DEBUG",
    "thread":"GamePlayer - Sancho 1.61c (9147)",
    "message":"GGP-Match-Players: 0bb22f3239d8f91e1435b31f496cbeb5cc79a475, eb8a0f65f8f136fc46c7adb04d7d1fa499261c27, ebf7395e4cdc579ad6ba693f5d81e8823abf1bd1, 0ce66b3bc773d4cf6bb777c3f6825d1bced362c2"
  },
  {
    "logger":"org.ggp.base.player.request.factory.RequestFactory",
    "timestamp":"1449286330419",
    "level":"DEBUG",
    "thread":"GamePlayer - Sancho 1.61c (9147)",
    "message":"GGP-Match-Host: Tiltyard"
  },
  {
    "logger":"org.ggp.base.player.request.factory.RequestFactory",
    "timestamp":"1449286330419",
    "level":"DEBUG",
    "thread":"GamePlayer - Sancho 1.61c (9147)",
    "message":"GGP-Match-ID: tiltyard.battlebrushesv0.1449286087770"
  },
  {
    "logger":"org.ggp.base.player.gamer.statemachine.sancho.StdOutErrLog",
    "timestamp":"1449286330420",
    "level":"WARN",
    "thread":"GamePlayer - Sancho 1.61c (9147)",
    "message":"[GamePlayer] Got play message not intended for current game: ignoring."
  },
  {
    "logger":"org.ggp.base.player.request.factory.RequestFactory",
    "timestamp":"1449286346332",
    "level":"DEBUG",
    "thread":"GamePlayer - Sancho 1.61c (9147)",
    "message":"GGP-Match-Step: 9"
  },
  {
    "logger":"org.ggp.base.player.request.factory.RequestFactory",
    "timestamp":"1449286346332",
    "level":"DEBUG",
    "thread":"GamePlayer - Sancho 1.61c (9147)",
    "message":"GGP-Match-Players: 0bb22f3239d8f91e1435b31f496cbeb5cc79a475, eb8a0f65f8f136fc46c7adb04d7d1fa499261c27, ebf7395e4cdc579ad6ba693f5d81e8823abf1bd1, 0ce66b3bc773d4cf6bb777c3f6825d1bced362c2"
  },
  {
    "logger":"org.ggp.base.player.request.factory.RequestFactory",
    "timestamp":"1449286346332",
    "level":"DEBUG",
    "thread":"GamePlayer - Sancho 1.61c (9147)",
    "message":"GGP-Match-Host: Tiltyard"
  },
  {
    "logger":"org.ggp.base.player.request.factory.RequestFactory",
    "timestamp":"1449286346332",
    "level":"DEBUG",
    "thread":"GamePlayer - Sancho 1.61c (9147)",
    "message":"GGP-Match-ID: tiltyard.battlebrushesv0.1449286087770"
  },
  {
    "logger":"org.ggp.base.player.gamer.statemachine.sancho.StdOutErrLog",
    "timestamp":"1449286346333",
    "level":"WARN",
    "thread":"GamePlayer - Sancho 1.61c (9147)",
    "message":"[GamePlayer] Got play message not intended for current game: ignoring."
  },
  {
    "logger":"org.ggp.base.player.request.factory.RequestFactory",
    "timestamp":"1449286361237",
    "level":"DEBUG",
    "thread":"GamePlayer - Sancho 1.61c (9147)",
    "message":"GGP-Match-Step: 10"
  },
  {
    "logger":"org.ggp.base.player.request.factory.RequestFactory",
    "timestamp":"1449286361237",
    "level":"DEBUG",
    "thread":"GamePlayer - Sancho 1.61c (9147)",
    "message":"GGP-Match-Players: 0bb22f3239d8f91e1435b31f496cbeb5cc79a475, eb8a0f65f8f136fc46c7adb04d7d1fa499261c27, ebf7395e4cdc579ad6ba693f5d81e8823abf1bd1, 0ce66b3bc773d4cf6bb777c3f6825d1bced362c2"
  },
  {
    "logger":"org.ggp.base.player.request.factory.RequestFactory",
    "timestamp":"1449286361237",
    "level":"DEBUG",
    "thread":"GamePlayer - Sancho 1.61c (9147)",
    "message":"GGP-Match-Host: Tiltyard"
  },
  {
    "logger":"org.ggp.base.player.request.factory.RequestFactory",
    "timestamp":"1449286361237",
    "level":"DEBUG",
    "thread":"GamePlayer - Sancho 1.61c (9147)",
    "message":"GGP-Match-ID: tiltyard.battlebrushesv0.1449286087770"
  },
  {
    "logger":"org.ggp.base.player.gamer.statemachine.sancho.StdOutErrLog",
    "timestamp":"1449286361238",
    "level":"WARN",
    "thread":"GamePlayer - Sancho 1.61c (9147)",
    "message":"[GamePlayer] Got play message not intended for current game: ignoring."
  },
  {
    "logger":"org.ggp.base.player.request.factory.RequestFactory",
    "timestamp":"1449286375975",
    "level":"DEBUG",
    "thread":"GamePlayer - Sancho 1.61c (9147)",
    "message":"GGP-Match-Step: 11"
  },
  {
    "logger":"org.ggp.base.player.request.factory.RequestFactory",
    "timestamp":"1449286375975",
    "level":"DEBUG",
    "thread":"GamePlayer - Sancho 1.61c (9147)",
    "message":"GGP-Match-Players: 0bb22f3239d8f91e1435b31f496cbeb5cc79a475, eb8a0f65f8f136fc46c7adb04d7d1fa499261c27, ebf7395e4cdc579ad6ba693f5d81e8823abf1bd1, 0ce66b3bc773d4cf6bb777c3f6825d1bced362c2"
  },
  {
    "logger":"org.ggp.base.player.request.factory.RequestFactory",
    "timestamp":"1449286375975",
    "level":"DEBUG",
    "thread":"GamePlayer - Sancho 1.61c (9147)",
    "message":"GGP-Match-Host: Tiltyard"
  },
  {
    "logger":"org.ggp.base.player.request.factory.RequestFactory",
    "timestamp":"1449286375975",
    "level":"DEBUG",
    "thread":"GamePlayer - Sancho 1.61c (9147)",
    "message":"GGP-Match-ID: tiltyard.battlebrushesv0.1449286087770"
  },
  {
    "logger":"org.ggp.base.player.gamer.statemachine.sancho.StdOutErrLog",
    "timestamp":"1449286375975",
    "level":"WARN",
    "thread":"GamePlayer - Sancho 1.61c (9147)",
    "message":"[GamePlayer] Got play message not intended for current game: ignoring."
  },
  {
    "logger":"org.ggp.base.player.request.factory.RequestFactory",
    "timestamp":"1449286390780",
    "level":"DEBUG",
    "thread":"GamePlayer - Sancho 1.61c (9147)",
    "message":"GGP-Match-Step: 12"
  },
  {
    "logger":"org.ggp.base.player.request.factory.RequestFactory",
    "timestamp":"1449286390780",
    "level":"DEBUG",
    "thread":"GamePlayer - Sancho 1.61c (9147)",
    "message":"GGP-Match-Players: 0bb22f3239d8f91e1435b31f496cbeb5cc79a475, eb8a0f65f8f136fc46c7adb04d7d1fa499261c27, ebf7395e4cdc579ad6ba693f5d81e8823abf1bd1, 0ce66b3bc773d4cf6bb777c3f6825d1bced362c2"
  },
  {
    "logger":"org.ggp.base.player.request.factory.RequestFactory",
    "timestamp":"1449286390780",
    "level":"DEBUG",
    "thread":"GamePlayer - Sancho 1.61c (9147)",
    "message":"GGP-Match-Host: Tiltyard"
  },
  {
    "logger":"org.ggp.base.player.request.factory.RequestFactory",
    "timestamp":"1449286390780",
    "level":"DEBUG",
    "thread":"GamePlayer - Sancho 1.61c (9147)",
    "message":"GGP-Match-ID: tiltyard.battlebrushesv0.1449286087770"
  },
  {
    "logger":"org.ggp.base.player.gamer.statemachine.sancho.StdOutErrLog",
    "timestamp":"1449286390780",
    "level":"WARN",
    "thread":"GamePlayer - Sancho 1.61c (9147)",
    "message":"[GamePlayer] Got play message not intended for current game: ignoring."
  },
  {
    "logger":"org.ggp.base.player.request.factory.RequestFactory",
    "timestamp":"1449286405616",
    "level":"DEBUG",
    "thread":"GamePlayer - Sancho 1.61c (9147)",
    "message":"GGP-Match-Step: 13"
  },
  {
    "logger":"org.ggp.base.player.request.factory.RequestFactory",
    "timestamp":"1449286405616",
    "level":"DEBUG",
    "thread":"GamePlayer - Sancho 1.61c (9147)",
    "message":"GGP-Match-Players: 0bb22f3239d8f91e1435b31f496cbeb5cc79a475, eb8a0f65f8f136fc46c7adb04d7d1fa499261c27, ebf7395e4cdc579ad6ba693f5d81e8823abf1bd1, 0ce66b3bc773d4cf6bb777c3f6825d1bced362c2"
  },
  {
    "logger":"org.ggp.base.player.request.factory.RequestFactory",
    "timestamp":"1449286405616",
    "level":"DEBUG",
    "thread":"GamePlayer - Sancho 1.61c (9147)",
    "message":"GGP-Match-Host: Tiltyard"
  },
  {
    "logger":"org.ggp.base.player.request.factory.RequestFactory",
    "timestamp":"1449286405616",
    "level":"DEBUG",
    "thread":"GamePlayer - Sancho 1.61c (9147)",
    "message":"GGP-Match-ID: tiltyard.battlebrushesv0.1449286087770"
  },
  {
    "logger":"org.ggp.base.player.gamer.statemachine.sancho.StdOutErrLog",
    "timestamp":"1449286405616",
    "level":"WARN",
    "thread":"GamePlayer - Sancho 1.61c (9147)",
    "message":"[GamePlayer] Got play message not intended for current game: ignoring."
  },
  {
    "logger":"org.ggp.base.player.request.factory.RequestFactory",
    "timestamp":"1449286420392",
    "level":"DEBUG",
    "thread":"GamePlayer - Sancho 1.61c (9147)",
    "message":"GGP-Match-Step: 14"
  },
  {
    "logger":"org.ggp.base.player.request.factory.RequestFactory",
    "timestamp":"1449286420392",
    "level":"DEBUG",
    "thread":"GamePlayer - Sancho 1.61c (9147)",
    "message":"GGP-Match-Players: 0bb22f3239d8f91e1435b31f496cbeb5cc79a475, eb8a0f65f8f136fc46c7adb04d7d1fa499261c27, ebf7395e4cdc579ad6ba693f5d81e8823abf1bd1, 0ce66b3bc773d4cf6bb777c3f6825d1bced362c2"
  },
  {
    "logger":"org.ggp.base.player.request.factory.RequestFactory",
    "timestamp":"1449286420392",
    "level":"DEBUG",
    "thread":"GamePlayer - Sancho 1.61c (9147)",
    "message":"GGP-Match-Host: Tiltyard"
  },
  {
    "logger":"org.ggp.base.player.request.factory.RequestFactory",
    "timestamp":"1449286420392",
    "level":"DEBUG",
    "thread":"GamePlayer - Sancho 1.61c (9147)",
    "message":"GGP-Match-ID: tiltyard.battlebrushesv0.1449286087770"
  },
  {
    "logger":"org.ggp.base.player.gamer.statemachine.sancho.StdOutErrLog",
    "timestamp":"1449286420392",
    "level":"WARN",
    "thread":"GamePlayer - Sancho 1.61c (9147)",
    "message":"[GamePlayer] Got play message not intended for current game: ignoring."
  },
  {
    "logger":"org.ggp.base.player.request.factory.RequestFactory",
    "timestamp":"1449286436238",
    "level":"DEBUG",
    "thread":"GamePlayer - Sancho 1.61c (9147)",
    "message":"GGP-Match-Step: 15"
  },
  {
    "logger":"org.ggp.base.player.request.factory.RequestFactory",
    "timestamp":"1449286436238",
    "level":"DEBUG",
    "thread":"GamePlayer - Sancho 1.61c (9147)",
    "message":"GGP-Match-Players: 0bb22f3239d8f91e1435b31f496cbeb5cc79a475, eb8a0f65f8f136fc46c7adb04d7d1fa499261c27, ebf7395e4cdc579ad6ba693f5d81e8823abf1bd1, 0ce66b3bc773d4cf6bb777c3f6825d1bced362c2"
  },
  {
    "logger":"org.ggp.base.player.request.factory.RequestFactory",
    "timestamp":"1449286436238",
    "level":"DEBUG",
    "thread":"GamePlayer - Sancho 1.61c (9147)",
    "message":"GGP-Match-Host: Tiltyard"
  },
  {
    "logger":"org.ggp.base.player.request.factory.RequestFactory",
    "timestamp":"1449286436238",
    "level":"DEBUG",
    "thread":"GamePlayer - Sancho 1.61c (9147)",
    "message":"GGP-Match-ID: tiltyard.battlebrushesv0.1449286087770"
  },
  {
    "logger":"org.ggp.base.player.gamer.statemachine.sancho.StdOutErrLog",
    "timestamp":"1449286436238",
    "level":"WARN",
    "thread":"GamePlayer - Sancho 1.61c (9147)",
    "message":"[GamePlayer] Got play message not intended for current game: ignoring."
  },
  {
    "logger":"org.ggp.base.player.request.factory.RequestFactory",
    "timestamp":"1449286451369",
    "level":"DEBUG",
    "thread":"GamePlayer - Sancho 1.61c (9147)",
    "message":"GGP-Match-Step: 16"
  },
  {
    "logger":"org.ggp.base.player.request.factory.RequestFactory",
    "timestamp":"1449286451369",
    "level":"DEBUG",
    "thread":"GamePlayer - Sancho 1.61c (9147)",
    "message":"GGP-Match-Players: 0bb22f3239d8f91e1435b31f496cbeb5cc79a475, eb8a0f65f8f136fc46c7adb04d7d1fa499261c27, ebf7395e4cdc579ad6ba693f5d81e8823abf1bd1, 0ce66b3bc773d4cf6bb777c3f6825d1bced362c2"
  },
  {
    "logger":"org.ggp.base.player.request.factory.RequestFactory",
    "timestamp":"1449286451369",
    "level":"DEBUG",
    "thread":"GamePlayer - Sancho 1.61c (9147)",
    "message":"GGP-Match-Host: Tiltyard"
  },
  {
    "logger":"org.ggp.base.player.request.factory.RequestFactory",
    "timestamp":"1449286451369",
    "level":"DEBUG",
    "thread":"GamePlayer - Sancho 1.61c (9147)",
    "message":"GGP-Match-ID: tiltyard.battlebrushesv0.1449286087770"
  },
  {
    "logger":"org.ggp.base.player.gamer.statemachine.sancho.StdOutErrLog",
    "timestamp":"1449286451369",
    "level":"WARN",
    "thread":"GamePlayer - Sancho 1.61c (9147)",
    "message":"[GamePlayer] Got play message not intended for current game: ignoring."
  },
  {
    "logger":"org.ggp.base.player.request.factory.RequestFactory",
    "timestamp":"1449286466216",
    "level":"DEBUG",
    "thread":"GamePlayer - Sancho 1.61c (9147)",
    "message":"GGP-Match-Step: 17"
  },
  {
    "logger":"org.ggp.base.player.request.factory.RequestFactory",
    "timestamp":"1449286466216",
    "level":"DEBUG",
    "thread":"GamePlayer - Sancho 1.61c (9147)",
    "message":"GGP-Match-Players: 0bb22f3239d8f91e1435b31f496cbeb5cc79a475, eb8a0f65f8f136fc46c7adb04d7d1fa499261c27, ebf7395e4cdc579ad6ba693f5d81e8823abf1bd1, 0ce66b3bc773d4cf6bb777c3f6825d1bced362c2"
  },
  {
    "logger":"org.ggp.base.player.request.factory.RequestFactory",
    "timestamp":"1449286466216",
    "level":"DEBUG",
    "thread":"GamePlayer - Sancho 1.61c (9147)",
    "message":"GGP-Match-Host: Tiltyard"
  },
  {
    "logger":"org.ggp.base.player.request.factory.RequestFactory",
    "timestamp":"1449286466216",
    "level":"DEBUG",
    "thread":"GamePlayer - Sancho 1.61c (9147)",
    "message":"GGP-Match-ID: tiltyard.battlebrushesv0.1449286087770"
  },
  {
    "logger":"org.ggp.base.player.gamer.statemachine.sancho.StdOutErrLog",
    "timestamp":"1449286466216",
    "level":"WARN",
    "thread":"GamePlayer - Sancho 1.61c (9147)",
    "message":"[GamePlayer] Got play message not intended for current game: ignoring."
  },
  {
    "logger":"org.ggp.base.player.request.factory.RequestFactory",
    "timestamp":"1449286481230",
    "level":"DEBUG",
    "thread":"GamePlayer - Sancho 1.61c (9147)",
    "message":"GGP-Match-Step: 18"
  },
  {
    "logger":"org.ggp.base.player.request.factory.RequestFactory",
    "timestamp":"1449286481230",
    "level":"DEBUG",
    "thread":"GamePlayer - Sancho 1.61c (9147)",
    "message":"GGP-Match-Players: 0bb22f3239d8f91e1435b31f496cbeb5cc79a475, eb8a0f65f8f136fc46c7adb04d7d1fa499261c27, ebf7395e4cdc579ad6ba693f5d81e8823abf1bd1, 0ce66b3bc773d4cf6bb777c3f6825d1bced362c2"
  },
  {
    "logger":"org.ggp.base.player.request.factory.RequestFactory",
    "timestamp":"1449286481230",
    "level":"DEBUG",
    "thread":"GamePlayer - Sancho 1.61c (9147)",
    "message":"GGP-Match-Host: Tiltyard"
  },
  {
    "logger":"org.ggp.base.player.request.factory.RequestFactory",
    "timestamp":"1449286481230",
    "level":"DEBUG",
    "thread":"GamePlayer - Sancho 1.61c (9147)",
    "message":"GGP-Match-ID: tiltyard.battlebrushesv0.1449286087770"
  },
  {
    "logger":"org.ggp.base.player.gamer.statemachine.sancho.StdOutErrLog",
    "timestamp":"1449286481230",
    "level":"WARN",
    "thread":"GamePlayer - Sancho 1.61c (9147)",
    "message":"[GamePlayer] Got play message not intended for current game: ignoring."
  },
  {
    "logger":"org.ggp.base.player.request.factory.RequestFactory",
    "timestamp":"1449286496581",
    "level":"DEBUG",
    "thread":"GamePlayer - Sancho 1.61c (9147)",
    "message":"GGP-Match-Step: 19"
  },
  {
    "logger":"org.ggp.base.player.request.factory.RequestFactory",
    "timestamp":"1449286496581",
    "level":"DEBUG",
    "thread":"GamePlayer - Sancho 1.61c (9147)",
    "message":"GGP-Match-Players: 0bb22f3239d8f91e1435b31f496cbeb5cc79a475, eb8a0f65f8f136fc46c7adb04d7d1fa499261c27, ebf7395e4cdc579ad6ba693f5d81e8823abf1bd1, 0ce66b3bc773d4cf6bb777c3f6825d1bced362c2"
  },
  {
    "logger":"org.ggp.base.player.request.factory.RequestFactory",
    "timestamp":"1449286496581",
    "level":"DEBUG",
    "thread":"GamePlayer - Sancho 1.61c (9147)",
    "message":"GGP-Match-Host: Tiltyard"
  },
  {
    "logger":"org.ggp.base.player.request.factory.RequestFactory",
    "timestamp":"1449286496581",
    "level":"DEBUG",
    "thread":"GamePlayer - Sancho 1.61c (9147)",
    "message":"GGP-Match-ID: tiltyard.battlebrushesv0.1449286087770"
  },
  {
    "logger":"org.ggp.base.player.gamer.statemachine.sancho.StdOutErrLog",
    "timestamp":"1449286496581",
    "level":"WARN",
    "thread":"GamePlayer - Sancho 1.61c (9147)",
    "message":"[GamePlayer] Got stop message not intended for current game: ignoring."
  }