  {
    "logger":"org.ggp.base.player.request.factory.RequestFactory",
    "timestamp":"1449291257182",
    "level":"INFO",
    "thread":"GamePlayer - Sancho 1.61c (9147)",
    "message":"======================================================"
  },
  {
    "logger":"org.ggp.base.player.request.factory.RequestFactory",
    "timestamp":"1449291257182",
    "level":"INFO",
    "thread":"GamePlayer - Sancho 1.61c (9147)",
    "message":"Beginning new game: tiltyard.battlebrushesv0.1449291252213"
  },
  {
    "logger":"org.ggp.base.player.request.factory.RequestFactory",
    "timestamp":"1449291257182",
    "level":"INFO",
    "thread":"GamePlayer - Sancho 1.61c (9147)",
    "message":"Logs available at:  http:\/\/localhost:9199\/localview\/tiltyard.battlebrushesv0.1449291252213"
  },
  {
    "logger":"org.ggp.base.player.request.factory.RequestFactory",
    "timestamp":"1449291257182",
    "level":"DEBUG",
    "thread":"GamePlayer - Sancho 1.61c (9147)",
    "message":"GGP-Match-Step: 0"
  },
  {
    "logger":"org.ggp.base.player.request.factory.RequestFactory",
    "timestamp":"1449291257182",
    "level":"DEBUG",
    "thread":"GamePlayer - Sancho 1.61c (9147)",
    "message":"GGP-Match-Players: 0bb22f3239d8f91e1435b31f496cbeb5cc79a475, 1c8f126601bbe8bfbdf94440d8266e02e5245279, 0ce66b3bc773d4cf6bb777c3f6825d1bced362c2, 1be62490c8d0c565912926b2bce335efd6d2f4ea"
  },
  {
    "logger":"org.ggp.base.player.request.factory.RequestFactory",
    "timestamp":"1449291257182",
    "level":"DEBUG",
    "thread":"GamePlayer - Sancho 1.61c (9147)",
    "message":"GGP-Match-Host: Tiltyard"
  },
  {
    "logger":"org.ggp.base.player.request.factory.RequestFactory",
    "timestamp":"1449291257182",
    "level":"DEBUG",
    "thread":"GamePlayer - Sancho 1.61c (9147)",
    "message":"GGP-Match-ID: tiltyard.battlebrushesv0.1449291252213"
  },
  {
    "logger":"org.ggp.base.util.game.GDLTranslator",
    "timestamp":"1449291257187",
    "level":"INFO",
    "thread":"GamePlayer - Sancho 1.61c (9147)",
    "message":"Looks like a game of 1449284653598"
  },
  {
    "logger":"org.ggp.base.player.gamer.statemachine.sancho.Sancho",
    "timestamp":"1449291257191",
    "level":"ERROR",
    "thread":"GamePlayer - Sancho 1.61c (9147)",
    "message":"Watchdog exists at start of new match"
  },
  {
    "logger":"org.ggp.base.player.gamer.statemachine.sancho.Watchdog",
    "timestamp":"1449291262192",
    "level":"INFO",
    "thread":"GamePlayer - Sancho 1.61c (9147)",
    "message":"Stop the watchdog"
  },
  {
    "logger":"org.ggp.base.player.gamer.statemachine.sancho.Watchdog",
    "timestamp":"1449291262192",
    "level":"INFO",
    "thread":"GamePlayer - Sancho 1.61c (9147)",
    "message":"Watchdog terminated"
  },
  {
    "logger":"org.ggp.base.player.gamer.statemachine.sancho.Sancho",
    "timestamp":"1449291262192",
    "level":"INFO",
    "thread":"GamePlayer - Sancho 1.61c (9147)",
    "message":"Tidy-up complete"
  },
  {
    "logger":"org.ggp.base.player.gamer.statemachine.sancho.Watchdog",
    "timestamp":"1449291262192",
    "level":"DEBUG",
    "thread":"GamePlayer - Sancho 1.61c (9147)",
    "message":"Watchdog won't fire until: 1449291862192"
  },
  {
    "logger":"org.ggp.base.util.statemachine.implementation.propnet.forwardDeadReckon.ForwardDeadReckonPropnetStateMachine",
    "timestamp":"1449291262950",
    "level":"DEBUG",
    "thread":"GamePlayer - Sancho 1.61c (9147)",
    "message":"GDL\n( role distanced )\n( role molestations )\n( role hypothermia )\n( role budgeting )\n( toughened 2 2 )\n( toughened 2 7 )\n( toughened 7 2 )\n( toughened 7 7 )\n( <= ( init ( infectiousness ?apologetics ?suprisingly roundabout ) ) ( temptress ?apologetics ) ( temptress ?suprisingly ) ( not ( toughened ?apologetics ?suprisingly ) ) )\n( init ( infectiousness 2 2 distanced ) )\n( init ( infectiousness 2 7 molestations ) )\n( init ( infectiousness 7 2 hypothermia ) )\n( init ( infectiousness 7 7 budgeting ) )\n( init ( marathons workflows 2 2 ) )\n( init ( marathons downgrade 2 7 ) )\n( init ( marathons dutifully 7 2 ) )\n( init ( marathons covariate 7 7 ) )\n( intraoperatively distanced workflows )\n( intraoperatively molestations downgrade )\n( intraoperatively hypothermia dutifully )\n( intraoperatively budgeting covariate )\n( <= ( next ( infectiousness ?apologetics ?suprisingly ?aerodynamically ) ) ( magellanic ?apologetics ?suprisingly ?aerodynamically ) )\n( <= ( magellanic ?apologetics ?suprisingly ?periodicities ) ( true ( infectiousness ?apologetics ?suprisingly ?periodicities ) ) ( not ( does distanced ( moonshiner ?apologetics ?suprisingly ) ) ) ( not ( does molestations ( moonshiner ?apologetics ?suprisingly ) ) ) ( not ( does hypothermia ( moonshiner ?apologetics ?suprisingly ) ) ) ( not ( does budgeting ( moonshiner ?apologetics ?suprisingly ) ) ) )\n( <= ( magellanic ?apologetics ?suprisingly ?periodicities ) ( true ( infectiousness ?apologetics ?suprisingly ?periodicities ) ) ( role ?schizophrenic ) ( does ?schizophrenic ( moonshiner ?apologetics ?suprisingly ) ) ( role ?technical ) ( distinct ?schizophrenic ?technical ) ( does ?technical ( moonshiner ?apologetics ?suprisingly ) ) )\n( <= ( magellanic ?apologetics ?suprisingly distanced ) ( does distanced ( moonshiner ?apologetics ?suprisingly ) ) ( not ( does molestations ( moonshiner ?apologetics ?suprisingly ) ) ) ( not ( does hypothermia ( moonshiner ?apologetics ?suprisingly ) ) ) ( not ( does budgeting ( moonshiner ?apologetics ?suprisingly ) ) ) )\n( <= ( magellanic ?apologetics ?suprisingly molestations ) ( does molestations ( moonshiner ?apologetics ?suprisingly ) ) ( not ( does distanced ( moonshiner ?apologetics ?suprisingly ) ) ) ( not ( does hypothermia ( moonshiner ?apologetics ?suprisingly ) ) ) ( not ( does budgeting ( moonshiner ?apologetics ?suprisingly ) ) ) )\n( <= ( magellanic ?apologetics ?suprisingly hypothermia ) ( does hypothermia ( moonshiner ?apologetics ?suprisingly ) ) ( not ( does distanced ( moonshiner ?apologetics ?suprisingly ) ) ) ( not ( does molestations ( moonshiner ?apologetics ?suprisingly ) ) ) ( not ( does budgeting ( moonshiner ?apologetics ?suprisingly ) ) ) )\n( <= ( magellanic ?apologetics ?suprisingly budgeting ) ( does budgeting ( moonshiner ?apologetics ?suprisingly ) ) ( not ( does distanced ( moonshiner ?apologetics ?suprisingly ) ) ) ( not ( does molestations ( moonshiner ?apologetics ?suprisingly ) ) ) ( not ( does hypothermia ( moonshiner ?apologetics ?suprisingly ) ) ) )\n( <= ( legal ?schizophrenic ( moonshiner ?apologetics ?suprisingly ) ) ( role ?schizophrenic ) ( not ( true ( schoolyards ?schizophrenic 1 ) ) ) ( not ( true ( schoolyards ?schizophrenic 0 ) ) ) ( true ( infectiousness ?apologetics ?suprisingly ?periodicities ) ) ( not ( disembodiment ?apologetics ?suprisingly ) ) ( intraoperatively ?schizophrenic ?befuddled ) ( true ( marathons ?befuddled ?humiliating ?halfpipes ) ) ( overnights ?apologetics ?suprisingly ?humiliating ?halfpipes ) )\n( <= ( disembodiment ?apologetics ?suprisingly ) ( true ( marathons ?befuddled ?apologetics ?suprisingly ) ) )\n( <= ( legal ?schizophrenic assimilated ) ( true ( schoolyards ?schizophrenic ?rededicated ) ) )\n( <= ( legal ?schizophrenic assimilated ) ( intraoperatively ?schizophrenic ?befuddled ) ( true ( marathons ?befuddled ?apologetics ?suprisingly ) ) ( not ( civilised ?apologetics ?suprisingly ) ) )\n( <= ( civilised ?apologetics ?suprisingly ) ( overnights ?apologetics ?suprisingly ?rearranged ?fasciitis ) ( not ( disembodiment ?rearranged ?fasciitis ) ) )\n( <= ( overnights ?apologetics ?suprisingly ?apologetics ?halfpipes ) ( temptress ?apologetics ) ( spreadsheets ?suprisingly ?halfpipes ) )\n( <= ( overnights ?apologetics ?suprisingly ?apologetics ?halfpipes ) ( temptress ?apologetics ) ( spreadsheets ?halfpipes ?suprisingly ) )\n( <= ( overnights ?apologetics ?suprisingly ?humiliating ?suprisingly ) ( temptress ?suprisingly ) ( spreadsheets ?apologetics ?humiliating ) )\n( <= ( overnights ?apologetics ?suprisingly ?humiliating ?suprisingly ) ( temptress ?suprisingly ) ( spreadsheets ?humiliating ?apologetics ) )\n( <= ( next ( marathons workflows ?apologetics ?suprisingly ) ) ( does distanced ( moonshiner ?apologetics ?suprisingly ) ) ( not ( does molestations ( moonshiner ?apologetics ?suprisingly ) ) ) ( not ( does hypothermia ( moonshiner ?apologetics ?suprisingly ) ) ) ( not ( does budgeting ( moonshiner ?apologetics ?suprisingly ) ) ) )\n( <= ( next ( marathons downgrade ?apologetics ?suprisingly ) ) ( does molestations ( moonshiner ?apologetics ?suprisingly ) ) ( not ( does distanced ( moonshiner ?apologetics ?suprisingly ) ) ) ( not ( does hypothermia ( moonshiner ?apologetics ?suprisingly ) ) ) ( not ( does budgeting ( moonshiner ?apologetics ?suprisingly ) ) ) )\n( <= ( next ( marathons dutifully ?apologetics ?suprisingly ) ) ( does hypothermia ( moonshiner ?apologetics ?suprisingly ) ) ( not ( does distanced ( moonshiner ?apologetics ?suprisingly ) ) ) ( not ( does molestations ( moonshiner ?apologetics ?suprisingly ) ) ) ( not ( does budgeting ( moonshiner ?apologetics ?suprisingly ) ) ) )\n( <= ( next ( marathons covariate ?apologetics ?suprisingly ) ) ( does budgeting ( moonshiner ?apologetics ?suprisingly ) ) ( not ( does distanced ( moonshiner ?apologetics ?suprisingly ) ) ) ( not ( does molestations ( moonshiner ?apologetics ?suprisingly ) ) ) ( not ( does hypothermia ( moonshiner ?apologetics ?suprisingly ) ) ) )\n( <= ( next ( marathons ?befuddled ?apologetics ?suprisingly ) ) ( role ?schizophrenic ) ( intraoperatively ?schizophrenic ?befuddled ) ( true ( marathons ?befuddled ?apologetics ?suprisingly ) ) ( carnivals ?schizophrenic ) )\n( <= ( next ( marathons ?befuddled ?apologetics ?suprisingly ) ) ( role ?schizophrenic ) ( intraoperatively ?schizophrenic ?befuddled ) ( true ( marathons ?befuddled ?apologetics ?suprisingly ) ) ( does ?schizophrenic assimilated ) )\n( <= ( next ( schoolyards ?schizophrenic 1 ) ) ( carnivals ?schizophrenic ) )\n( <= ( next ( schoolyards ?schizophrenic 0 ) ) ( true ( schoolyards ?schizophrenic 1 ) ) )\n( <= ( carnivals ?schizophrenic ) ( role ?schizophrenic ) ( does ?schizophrenic ( moonshiner ?humiliating ?halfpipes ) ) ( role ?technical ) ( distinct ?schizophrenic ?technical ) ( does ?technical ( moonshiner ?humiliating ?halfpipes ) ) )\n( spreadsheets 1 2 )\n( spreadsheets 2 3 )\n( spreadsheets 3 4 )\n( spreadsheets 4 5 )\n( spreadsheets 5 6 )\n( spreadsheets 6 7 )\n( spreadsheets 7 8 )\n( <= ( homelands ?irresistibly ?technical ?unskilled ) ( role ?irresistibly ) ( role ?technical ) ( role ?unskilled ) ( distinct ?irresistibly ?technical ) ( distinct ?irresistibly ?unskilled ) ( distinct ?technical ?unskilled ) )\n( calculated -1 0 )\n( calculated 0 1 )\n( <= ( lawfulness ?rededicated ?concomitantly ) ( calculated ?concomitantly ?rededicated ) )\n( <= ( lawfulness ?rededicated ?concomitantly ) ( calculated ?crewmates ?rededicated ) ( lawfulness ?crewmates ?concomitantly ) )\n( calculated 1 2 )\n( calculated 2 3 )\n( calculated 3 4 )\n( calculated 4 5 )\n( calculated 5 6 )\n( calculated 6 7 )\n( calculated 7 8 )\n( calculated 8 9 )\n( calculated 9 10 )\n( calculated 10 11 )\n( calculated 11 12 )\n( calculated 12 13 )\n( calculated 13 14 )\n( calculated 14 15 )\n( calculated 15 16 )\n( calculated 16 17 )\n( calculated 17 18 )\n( calculated 18 19 )\n( calculated 19 20 )\n( <= ( phantasms distanced ?intervenor ) ( sprinkling distanced ?intervenor 1 1 ) )\n( <= ( phantasms molestations ?intervenor ) ( sprinkling molestations ?intervenor 1 1 ) )\n( <= ( phantasms hypothermia ?intervenor ) ( sprinkling hypothermia ?intervenor 1 1 ) )\n( <= ( phantasms budgeting ?intervenor ) ( sprinkling budgeting ?intervenor 1 1 ) )\n( <= ( sprinkling ?schizophrenic ?metalepsis ?apologetics ?suprisingly ) ( true ( infectiousness ?apologetics ?suprisingly ?schizophrenic ) ) ( spreadsheets ?suprisingly ?fasciitis ) ( sprinkling ?schizophrenic ?intervenor ?apologetics ?fasciitis ) ( calculated ?intervenor ?metalepsis ) )\n( <= ( sprinkling ?schizophrenic ?metalepsis ?apologetics 8 ) ( true ( infectiousness ?apologetics 8 ?schizophrenic ) ) ( spreadsheets ?apologetics ?rearranged ) ( sprinkling ?schizophrenic ?intervenor ?rearranged 1 ) ( calculated ?intervenor ?metalepsis ) )\n( <= ( sprinkling ?schizophrenic ?intervenor ?apologetics ?suprisingly ) ( temptress ?apologetics ) ( temptress ?suprisingly ) ( role ?schizophrenic ) ( not ( true ( infectiousness ?apologetics ?suprisingly ?schizophrenic ) ) ) ( spreadsheets ?suprisingly ?fasciitis ) ( sprinkling ?schizophrenic ?intervenor ?apologetics ?fasciitis ) )\n( <= ( sprinkling ?schizophrenic ?intervenor ?apologetics 8 ) ( temptress ?apologetics ) ( role ?schizophrenic ) ( not ( true ( infectiousness ?apologetics 8 ?schizophrenic ) ) ) ( spreadsheets ?apologetics ?rearranged ) ( sprinkling ?schizophrenic ?intervenor ?rearranged 1 ) )\n( <= ( sprinkling ?schizophrenic 1 8 8 ) ( true ( infectiousness 8 8 ?schizophrenic ) ) )\n( <= ( sprinkling ?schizophrenic 0 8 8 ) ( role ?schizophrenic ) ( not ( true ( infectiousness 8 8 ?schizophrenic ) ) ) )\n( init ( immigrations 1 ) )\n( <= ( next ( immigrations ?concomitantly ) ) ( true ( immigrations ?rededicated ) ) ( calculated ?rededicated ?concomitantly ) )\n( <= terminal ( true ( immigrations 20 ) ) )\n( temptress 1 )\n( temptress 2 )\n( temptress 3 )\n( temptress 4 )\n( temptress 5 )\n( temptress 6 )\n( temptress 7 )\n( temptress 8 )\n( <= ( workhorse ?irresistibly ?technical ) ( phantasms ?irresistibly ?rededicated ) ( phantasms ?technical ?rededicated ) ( distinct ?irresistibly ?technical ) )\n( <= ( faculties ?irresistibly ?technical ) ( phantasms ?irresistibly ?pineapple ) ( phantasms ?technical ?concomitantly ) ( lawfulness ?pineapple ?concomitantly ) )\n( <= ( goal ?schizophrenic 100 ) ( true ( immigrations 20 ) ) ( faculties ?schizophrenic ?technical ) ( faculties ?schizophrenic ?unskilled ) ( faculties ?schizophrenic ?defaulted ) ( homelands ?technical ?unskilled ?defaulted ) )\n( <= ( goal ?schizophrenic 50 ) ( true ( immigrations 20 ) ) ( faculties ?technical ?schizophrenic ) ( faculties ?schizophrenic ?unskilled ) ( faculties ?schizophrenic ?defaulted ) ( distinct ?unskilled ?defaulted ) )\n( <= ( goal ?schizophrenic 25 ) ( true ( immigrations 20 ) ) ( faculties ?technical ?schizophrenic ) ( faculties ?unskilled ?schizophrenic ) ( distinct ?technical ?unskilled ) ( faculties ?schizophrenic ?defaulted ) )\n( <= ( goal ?schizophrenic 0 ) ( true ( immigrations 20 ) ) ( faculties ?technical ?schizophrenic ) ( faculties ?unskilled ?schizophrenic ) ( faculties ?defaulted ?schizophrenic ) ( homelands ?technical ?unskilled ?defaulted ) )\n( <= ( goal ?schizophrenic 75 ) ( true ( immigrations 20 ) ) ( workhorse ?schizophrenic ?technical ) ( faculties ?schizophrenic ?unskilled ) ( faculties ?schizophrenic ?defaulted ) ( distinct ?unskilled ?defaulted ) )\n( <= ( goal ?schizophrenic 66 ) ( true ( immigrations 20 ) ) ( workhorse ?schizophrenic ?technical ) ( workhorse ?schizophrenic ?unskilled ) ( distinct ?technical ?unskilled ) ( faculties ?schizophrenic ?defaulted ) )\n( <= ( goal ?schizophrenic 50 ) ( true ( immigrations 20 ) ) ( workhorse ?schizophrenic ?technical ) ( workhorse ?schizophrenic ?unskilled ) ( workhorse ?schizophrenic ?defaulted ) ( homelands ?technical ?unskilled ?defaulted ) )\n( <= ( goal ?schizophrenic 33 ) ( true ( immigrations 20 ) ) ( workhorse ?schizophrenic ?technical ) ( faculties ?unskilled ?schizophrenic ) ( faculties ?schizophrenic ?defaulted ) )\n( <= ( goal ?schizophrenic 25 ) ( true ( immigrations 20 ) ) ( workhorse ?schizophrenic ?technical ) ( workhorse ?schizophrenic ?unskilled ) ( distinct ?technical ?unskilled ) ( faculties ?defaulted ?schizophrenic ) )\n( <= ( goal ?schizophrenic 12 ) ( true ( immigrations 20 ) ) ( workhorse ?schizophrenic ?technical ) ( faculties ?unskilled ?schizophrenic ) ( faculties ?defaulted ?schizophrenic ) ( distinct ?unskilled ?defaulted ) )\n( <= ( goal ?schizophrenic 0 ) ( role ?schizophrenic ) ( not ( true ( immigrations 20 ) ) ) )\n( <= ( base ( infectiousness ?apologetics ?suprisingly roundabout ) ) ( temptress ?apologetics ) ( temptress ?suprisingly ) ( not ( toughened ?apologetics ?suprisingly ) ) )\n( <= ( base ( infectiousness ?apologetics ?suprisingly ?hypercompetitive ) ) ( temptress ?apologetics ) ( temptress ?suprisingly ) ( role ?hypercompetitive ) )\n( <= ( base ( marathons ?pumpkinseed ?apologetics ?suprisingly ) ) ( intraoperatively ?trapezium ?pumpkinseed ) ( temptress ?apologetics ) ( temptress ?suprisingly ) )\n( <= ( base ( schoolyards ?schizophrenic 1 ) ) ( role ?schizophrenic ) )\n( <= ( base ( schoolyards ?schizophrenic 0 ) ) ( role ?schizophrenic ) )\n( <= ( base ( immigrations ?concomitantly ) ) ( calculated ?rededicated ?concomitantly ) )\n( <= ( input ?schizophrenic ( moonshiner ?apologetics ?suprisingly ) ) ( role ?schizophrenic ) ( temptress ?apologetics ) ( temptress ?suprisingly ) )\n( <= ( input ?schizophrenic assimilated ) ( role ?schizophrenic ) )\n"
  },
  {
    "logger":"org.ggp.base.util.propnet.polymorphic.factory.OptimizingPolymorphicPropNetFactory",
    "timestamp":"1449291262950",
    "level":"DEBUG",
    "thread":"GamePlayer - Sancho 1.61c (9147)",
    "message":"Building propnet"
  },
  {
    "logger":"org.ggp.base.util.statemachine.implementation.propnet.forwardDeadReckon.ForwardDeadReckonPropnetStateMachine",
    "timestamp":"1449291263526",
    "level":"DEBUG",
    "thread":"GamePlayer - Sancho 1.61c (9147)",
    "message":"Num components after anon prop removal: 25909"
  },
  {
    "logger":"org.ggp.base.util.propnet.polymorphic.factory.OptimizingPolymorphicPropNetFactory",
    "timestamp":"1449291264165",
    "level":"INFO",
    "thread":"GamePlayer - Sancho 1.61c (9147)",
    "message":"Filler move set: [( does hypothermia assimilated )]"
  },
  {
    "logger":"org.ggp.base.util.propnet.polymorphic.factory.OptimizingPolymorphicPropNetFactory",
    "timestamp":"1449291264236",
    "level":"DEBUG",
    "thread":"GamePlayer - Sancho 1.61c (9147)",
    "message":"Removed 0 irrelevant propositions"
  },
  {
    "logger":"org.ggp.base.util.statemachine.implementation.propnet.forwardDeadReckon.ForwardDeadReckonPropnetStateMachine",
    "timestamp":"1449291264276",
    "level":"DEBUG",
    "thread":"GamePlayer - Sancho 1.61c (9147)",
    "message":"Num components after unreachable removal: 24928"
  },
  {
    "logger":"org.ggp.base.util.propnet.polymorphic.factory.OptimizingPolymorphicPropNetFactory",
    "timestamp":"1449291264335",
    "level":"DEBUG",
    "thread":"GamePlayer - Sancho 1.61c (9147)",
    "message":"Removed 545 redundant components"
  },
  {
    "logger":"org.ggp.base.util.statemachine.implementation.propnet.forwardDeadReckon.ForwardDeadReckonPropnetStateMachine",
    "timestamp":"1449291264371",
    "level":"DEBUG",
    "thread":"GamePlayer - Sancho 1.61c (9147)",
    "message":"Num components after first pass redundant components removal: 24385"
  },
  {
    "logger":"org.ggp.base.util.propnet.polymorphic.factory.OptimizingPolymorphicPropNetFactory",
    "timestamp":"1449291264375",
    "level":"DEBUG",
    "thread":"GamePlayer - Sancho 1.61c (9147)",
    "message":"Net components removed by input->output factorization: -37"
  },
  {
    "logger":"org.ggp.base.util.propnet.polymorphic.factory.OptimizingPolymorphicPropNetFactory",
    "timestamp":"1449291264375",
    "level":"WARN",
    "thread":"GamePlayer - Sancho 1.61c (9147)",
    "message":"Unexpected growth in size from factorization"
  },
  {
    "logger":"org.ggp.base.util.propnet.polymorphic.factory.OptimizingPolymorphicPropNetFactory",
    "timestamp":"1449291264415",
    "level":"DEBUG",
    "thread":"GamePlayer - Sancho 1.61c (9147)",
    "message":"Fanout reduction by factorization of size: 124 at a cost of 14 gates"
  },
  {
    "logger":"org.ggp.base.util.statemachine.implementation.propnet.forwardDeadReckon.ForwardDeadReckonPropnetStateMachine",
    "timestamp":"1449291264450",
    "level":"DEBUG",
    "thread":"GamePlayer - Sancho 1.61c (9147)",
    "message":"Num components after large gate refactoring: 24436"
  },
  {
    "logger":"org.ggp.base.util.propnet.polymorphic.factory.OptimizingPolymorphicPropNetFactory",
    "timestamp":"1449291264473",
    "level":"DEBUG",
    "thread":"GamePlayer - Sancho 1.61c (9147)",
    "message":"Removed 2974 duplicate components"
  },
  {
    "logger":"org.ggp.base.util.statemachine.implementation.propnet.forwardDeadReckon.ForwardDeadReckonPropnetStateMachine",
    "timestamp":"1449291264473",
    "level":"DEBUG",
    "thread":"GamePlayer - Sancho 1.61c (9147)",
    "message":"Num components after duplicate removal: 21462"
  },
  {
    "logger":"org.ggp.base.util.statemachine.implementation.propnet.forwardDeadReckon.ForwardDeadReckonPropnetStateMachine",
    "timestamp":"1449291264478",
    "level":"DEBUG",
    "thread":"GamePlayer - Sancho 1.61c (9147)",
    "message":"Num components after input set optimization: 21462"
  },
  {
    "logger":"org.ggp.base.util.statemachine.implementation.propnet.forwardDeadReckon.ForwardDeadReckonPropnetStateMachine",
    "timestamp":"1449291264490",
    "level":"DEBUG",
    "thread":"GamePlayer - Sancho 1.61c (9147)",
    "message":"Num components after inverted input optimization: 21545"
  },
  {
    "logger":"org.ggp.base.util.propnet.polymorphic.factory.OptimizingPolymorphicPropNetFactory",
    "timestamp":"1449291264527",
    "level":"DEBUG",
    "thread":"GamePlayer - Sancho 1.61c (9147)",
    "message":"Removed 148 redundant components"
  },
  {
    "logger":"org.ggp.base.util.statemachine.implementation.propnet.forwardDeadReckon.ForwardDeadReckonPropnetStateMachine",
    "timestamp":"1449291264527",
    "level":"DEBUG",
    "thread":"GamePlayer - Sancho 1.61c (9147)",
    "message":"Num components after further removal of redundant components: 21399"
  },
  {
    "logger":"org.ggp.base.util.statemachine.implementation.propnet.forwardDeadReckon.ForwardDeadReckonPropnetStateMachine",
    "timestamp":"1449291264565",
    "level":"DEBUG",
    "thread":"GamePlayer - Sancho 1.61c (9147)",
    "message":"Num components: 21399 with an average of 2 inputs."
  },
  {
    "logger":"org.ggp.base.util.statemachine.implementation.propnet.forwardDeadReckon.ForwardDeadReckonPropnetStateMachine",
    "timestamp":"1449291264565",
    "level":"DEBUG",
    "thread":"GamePlayer - Sancho 1.61c (9147)",
    "message":"Num multi-input components: 18971 with an average of 2 inputs."
  },
  {
    "logger":"org.ggp.base.util.propnet.polymorphic.forwardDeadReckon.ForwardDeadReckonPropnetFastAnimator",
    "timestamp":"1449291264598",
    "level":"DEBUG",
    "thread":"GamePlayer - Sancho 1.61c (9147)",
    "message":"Animator instance state vector size: 22310"
  },
  {
    "logger":"org.ggp.base.util.statemachine.implementation.propnet.forwardDeadReckon.FactorAnalyser",
    "timestamp":"1449291264613",
    "level":"INFO",
    "thread":"GamePlayer - Sancho 1.61c (9147)",
    "message":"Performing factor analysis"
  },
  {
    "logger":"org.ggp.base.util.statemachine.implementation.propnet.forwardDeadReckon.FactorAnalyser",
    "timestamp":"1449291273193",
    "level":"INFO",
    "thread":"GamePlayer - Sancho 1.61c (9147)",
    "message":"Control set: [( true ( immigrations 19 ) )(false), ( true ( immigrations 6 ) )(false), ( true ( immigrations 8 ) )(false), ( true ( immigrations 11 ) )(false), ( true ( immigrations 9 ) )(false), ( true ( immigrations 14 ) )(false), ( true ( immigrations 10 ) )(false), ( true ( immigrations 12 ) )(false), ( true ( immigrations 17 ) )(false), ( true ( immigrations 5 ) )(false), ( true ( immigrations 15 ) )(false), ( true ( immigrations 2 ) )(false), ( true ( immigrations 7 ) )(false), ( true ( immigrations 1 ) )(false), ( true ( immigrations 16 ) )(false), ( true ( immigrations 20 ) )(false), ( true ( immigrations 4 ) )(false), ( true ( immigrations 18 ) )(false), ( true ( immigrations 13 ) )(false), ( true ( immigrations 3 ) )(false)]"
  },
  {
    "logger":"org.ggp.base.util.statemachine.implementation.propnet.forwardDeadReckon.ForwardDeadReckonPropnetStateMachine",
    "timestamp":"1449291273433",
    "level":"INFO",
    "thread":"GamePlayer - Sancho 1.61c (9147)",
    "message":"Reducing with respect to XSentence: ( true ( marathons dutifully 7 2 ) )"
  },
  {
    "logger":"org.ggp.base.util.propnet.polymorphic.factory.OptimizingPolymorphicPropNetFactory",
    "timestamp":"1449291273433",
    "level":"DEBUG",
    "thread":"GamePlayer - Sancho 1.61c (9147)",
    "message":"Hardwire base prop ( true ( marathons dutifully 7 2 ) ) to value: true"
  },
  {
    "logger":"org.ggp.base.util.propnet.polymorphic.factory.OptimizingPolymorphicPropNetFactory",
    "timestamp":"1449291273735",
    "level":"DEBUG",
    "thread":"GamePlayer - Sancho 1.61c (9147)",
    "message":"Removed 30 redundant components"
  },
  {
    "logger":"org.ggp.base.util.propnet.polymorphic.factory.OptimizingPolymorphicPropNetFactory",
    "timestamp":"1449291274037",
    "level":"DEBUG",
    "thread":"GamePlayer - Sancho 1.61c (9147)",
    "message":"Removed 5 redundant components"
  },
  {
    "logger":"org.ggp.base.util.propnet.polymorphic.factory.OptimizingPolymorphicPropNetFactory",
    "timestamp":"1449291274285",
    "level":"DEBUG",
    "thread":"GamePlayer - Sancho 1.61c (9147)",
    "message":"Removed 5 redundant components"
  },
  {
    "logger":"org.ggp.base.util.statemachine.implementation.propnet.forwardDeadReckon.ForwardDeadReckonPropnetStateMachine",
    "timestamp":"1449291274285",
    "level":"DEBUG",
    "thread":"GamePlayer - Sancho 1.61c (9147)",
    "message":"Reverting OSentence optimizations"
  },
  {
    "logger":"org.ggp.base.util.propnet.polymorphic.factory.OptimizingPolymorphicPropNetFactory",
    "timestamp":"1449291274349",
    "level":"DEBUG",
    "thread":"GamePlayer - Sancho 1.61c (9147)",
    "message":"Hardwire base prop ( true ( marathons dutifully 7 2 ) ) to value: true"
  },
  {
    "logger":"org.ggp.base.util.propnet.polymorphic.factory.OptimizingPolymorphicPropNetFactory",
    "timestamp":"1449291274662",
    "level":"DEBUG",
    "thread":"GamePlayer - Sancho 1.61c (9147)",
    "message":"Removed 30 redundant components"
  },
  {
    "logger":"org.ggp.base.util.propnet.polymorphic.factory.OptimizingPolymorphicPropNetFactory",
    "timestamp":"1449291275008",
    "level":"DEBUG",
    "thread":"GamePlayer - Sancho 1.61c (9147)",
    "message":"Removed 5 redundant components"
  },
  {
    "logger":"org.ggp.base.util.propnet.polymorphic.factory.OptimizingPolymorphicPropNetFactory",
    "timestamp":"1449291275264",
    "level":"DEBUG",
    "thread":"GamePlayer - Sancho 1.61c (9147)",
    "message":"Removed 5 redundant components"
  },
  {
    "logger":"org.ggp.base.util.propnet.polymorphic.factory.OptimizingPolymorphicPropNetFactory",
    "timestamp":"1449291275264",
    "level":"DEBUG",
    "thread":"GamePlayer - Sancho 1.61c (9147)",
    "message":"Hardwire base prop ( true ( marathons dutifully 7 2 ) ) to value: false"
  },
  {
    "logger":"org.ggp.base.util.propnet.polymorphic.factory.OptimizingPolymorphicPropNetFactory",
    "timestamp":"1449291275530",
    "level":"DEBUG",
    "thread":"GamePlayer - Sancho 1.61c (9147)",
    "message":"Removed 22 redundant components"
  },
  {
    "logger":"org.ggp.base.util.propnet.polymorphic.factory.OptimizingPolymorphicPropNetFactory",
    "timestamp":"1449291275799",
    "level":"DEBUG",
    "thread":"GamePlayer - Sancho 1.61c (9147)",
    "message":"Removed 5 redundant components"
  },
  {
    "logger":"org.ggp.base.util.statemachine.implementation.propnet.forwardDeadReckon.ForwardDeadReckonPropnetStateMachine",
    "timestamp":"1449291275881",
    "level":"DEBUG",
    "thread":"GamePlayer - Sancho 1.61c (9147)",
    "message":"Num components remaining in X-net: 21241"
  },
  {
    "logger":"org.ggp.base.util.statemachine.implementation.propnet.forwardDeadReckon.ForwardDeadReckonPropnetStateMachine",
    "timestamp":"1449291275881",
    "level":"DEBUG",
    "thread":"GamePlayer - Sancho 1.61c (9147)",
    "message":"Num components remaining in O-net: 21309"
  },
  {
    "logger":"org.ggp.base.util.propnet.polymorphic.factory.OptimizingPolymorphicPropNetFactory",
    "timestamp":"1449291276849",
    "level":"DEBUG",
    "thread":"GamePlayer - Sancho 1.61c (9147)",
    "message":"Removed 14393 redundant components"
  },
  {
    "logger":"org.ggp.base.util.propnet.polymorphic.factory.OptimizingPolymorphicPropNetFactory",
    "timestamp":"1449291276867",
    "level":"DEBUG",
    "thread":"GamePlayer - Sancho 1.61c (9147)",
    "message":"Removed 5 redundant components"
  },
  {
    "logger":"org.ggp.base.util.propnet.polymorphic.factory.OptimizingPolymorphicPropNetFactory",
    "timestamp":"1449291277744",
    "level":"DEBUG",
    "thread":"GamePlayer - Sancho 1.61c (9147)",
    "message":"Removed 14393 redundant components"
  },
  {
    "logger":"org.ggp.base.util.propnet.polymorphic.factory.OptimizingPolymorphicPropNetFactory",
    "timestamp":"1449291277760",
    "level":"DEBUG",
    "thread":"GamePlayer - Sancho 1.61c (9147)",
    "message":"Removed 5 redundant components"
  },
  {
    "logger":"org.ggp.base.util.propnet.polymorphic.factory.OptimizingPolymorphicPropNetFactory",
    "timestamp":"1449291278124",
    "level":"DEBUG",
    "thread":"GamePlayer - Sancho 1.61c (9147)",
    "message":"Removed 19578 redundant components"
  },
  {
    "logger":"org.ggp.base.util.propnet.polymorphic.factory.OptimizingPolymorphicPropNetFactory",
    "timestamp":"1449291278126",
    "level":"DEBUG",
    "thread":"GamePlayer - Sancho 1.61c (9147)",
    "message":"Removed 2 redundant components"
  },
  {
    "logger":"org.ggp.base.util.propnet.polymorphic.factory.OptimizingPolymorphicPropNetFactory",
    "timestamp":"1449291278127",
    "level":"DEBUG",
    "thread":"GamePlayer - Sancho 1.61c (9147)",
    "message":"Removed 2 redundant components"
  },
  {
    "logger":"org.ggp.base.util.propnet.polymorphic.factory.OptimizingPolymorphicPropNetFactory",
    "timestamp":"1449291278382",
    "level":"DEBUG",
    "thread":"GamePlayer - Sancho 1.61c (9147)",
    "message":"Removed 5190 redundant components"
  },
  {
    "logger":"org.ggp.base.util.propnet.polymorphic.factory.OptimizingPolymorphicPropNetFactory",
    "timestamp":"1449291278393",
    "level":"DEBUG",
    "thread":"GamePlayer - Sancho 1.61c (9147)",
    "message":"Removed 2 redundant components"
  },
  {
    "logger":"org.ggp.base.util.propnet.polymorphic.factory.OptimizingPolymorphicPropNetFactory",
    "timestamp":"1449291278403",
    "level":"DEBUG",
    "thread":"GamePlayer - Sancho 1.61c (9147)",
    "message":"Removed 2 redundant components"
  },
  {
    "logger":"org.ggp.base.util.statemachine.implementation.propnet.forwardDeadReckon.ForwardDeadReckonPropnetStateMachine",
    "timestamp":"1449291278434",
    "level":"INFO",
    "thread":"GamePlayer - Sancho 1.61c (9147)",
    "message":"Num components in goal-less X-net: 6821"
  },
  {
    "logger":"org.ggp.base.util.statemachine.implementation.propnet.forwardDeadReckon.ForwardDeadReckonPropnetStateMachine",
    "timestamp":"1449291278434",
    "level":"INFO",
    "thread":"GamePlayer - Sancho 1.61c (9147)",
    "message":"Num components in goal-less O-net: 6889"
  },
  {
    "logger":"org.ggp.base.util.statemachine.implementation.propnet.forwardDeadReckon.ForwardDeadReckonPropnetStateMachine",
    "timestamp":"1449291278434",
    "level":"INFO",
    "thread":"GamePlayer - Sancho 1.61c (9147)",
    "message":"Num components in goal net:        14678"
  },
  {
    "logger":"org.ggp.base.util.statemachine.implementation.propnet.forwardDeadReckon.ForwardDeadReckonPropnetStateMachine",
    "timestamp":"1449291278434",
    "level":"INFO",
    "thread":"GamePlayer - Sancho 1.61c (9147)",
    "message":"Num components in terminality net: 2"
  },
  {
    "logger":"org.ggp.base.util.propnet.polymorphic.forwardDeadReckon.ForwardDeadReckonPropnetFastAnimator",
    "timestamp":"1449291278471",
    "level":"DEBUG",
    "thread":"GamePlayer - Sancho 1.61c (9147)",
    "message":"Animator instance state vector size: 22187"
  },
  {
    "logger":"org.ggp.base.util.propnet.polymorphic.forwardDeadReckon.ForwardDeadReckonPropnetFastAnimator",
    "timestamp":"1449291278521",
    "level":"DEBUG",
    "thread":"GamePlayer - Sancho 1.61c (9147)",
    "message":"Animator instance state vector size: 22255"
  },
  {
    "logger":"org.ggp.base.util.propnet.polymorphic.forwardDeadReckon.ForwardDeadReckonPropnetFastAnimator",
    "timestamp":"1449291278559",
    "level":"DEBUG",
    "thread":"GamePlayer - Sancho 1.61c (9147)",
    "message":"Animator instance state vector size: 16042"
  },
  {
    "logger":"org.ggp.base.util.propnet.polymorphic.forwardDeadReckon.ForwardDeadReckonPropnetFastAnimator",
    "timestamp":"1449291278568",
    "level":"DEBUG",
    "thread":"GamePlayer - Sancho 1.61c (9147)",
    "message":"Animator instance state vector size: 0"
  },
  {
    "logger":"org.ggp.base.player.gamer.statemachine.sancho.Sancho",
    "timestamp":"1449291278572",
    "level":"INFO",
    "thread":"GamePlayer - Sancho 1.61c (9147)",
    "message":"This is Sancho 1.61c with last commit 4d47cf5cac0eef6da0f3980fa03cf0c8017d5675"
  },
  {
    "logger":"org.ggp.base.player.gamer.statemachine.sancho.MachineSpecificConfiguration",
    "timestamp":"1449291278572",
    "level":"INFO",
    "thread":"GamePlayer - Sancho 1.61c (9147)",
    "message":"Running with machine-specific properties:"
  },
  {
    "logger":"org.ggp.base.player.gamer.statemachine.sancho.MachineSpecificConfiguration",
    "timestamp":"1449291278572",
    "level":"INFO",
    "thread":"GamePlayer - Sancho 1.61c (9147)",
    "message":"\tSAFETY_MARGIN = 3300 (default: 2500)"
  },
  {
    "logger":"org.ggp.base.player.gamer.statemachine.sancho.MachineSpecificConfiguration",
    "timestamp":"1449291278572",
    "level":"INFO",
    "thread":"GamePlayer - Sancho 1.61c (9147)",
    "message":"\tWC_LOCATION = C:\/Personal\/Projects\/GGP\/ggp-base (default: null)"
  },
  {
    "logger":"org.ggp.base.player.gamer.statemachine.sancho.MachineSpecificConfiguration",
    "timestamp":"1449291278572",
    "level":"INFO",
    "thread":"GamePlayer - Sancho 1.61c (9147)",
    "message":"\tCPU_INTENSIVE_THREADS = 4 (default: -1)"
  },
  {
    "logger":"org.ggp.base.player.gamer.statemachine.sancho.MachineSpecificConfiguration",
    "timestamp":"1449291278572",
    "level":"INFO",
    "thread":"GamePlayer - Sancho 1.61c (9147)",
    "message":"\tUSE_AFFINITY = false (default: true)"
  },
  {
    "logger":"org.ggp.base.player.gamer.statemachine.sancho.Sancho",
    "timestamp":"1449291278583",
    "level":"INFO",
    "thread":"GamePlayer - Sancho 1.61c (9147)",
    "message":"Start clock: 120s"
  },
  {
    "logger":"org.ggp.base.player.gamer.statemachine.sancho.Sancho",
    "timestamp":"1449291278583",
    "level":"INFO",
    "thread":"GamePlayer - Sancho 1.61c (9147)",
    "message":"Play clock:  15s"
  },
  {
    "logger":"org.ggp.base.player.gamer.statemachine.sancho.Sancho",
    "timestamp":"1449291278583",
    "level":"INFO",
    "thread":"GamePlayer - Sancho 1.61c (9147)",
    "message":"We are:      hypothermia"
  },
  {
    "logger":"org.ggp.base.util.statemachine.implementation.propnet.forwardDeadReckon.ForwardDeadReckonPropnetStateMachine",
    "timestamp":"1449291278596",
    "level":"DEBUG",
    "thread":"GamePlayer - Sancho 1.61c (9147)",
    "message":"Latch(-ve): ( true ( infectiousness 3 4 roundabout ) )(false)"
  },
  {
    "logger":"org.ggp.base.util.statemachine.implementation.propnet.forwardDeadReckon.ForwardDeadReckonPropnetStateMachine",
    "timestamp":"1449291278598",
    "level":"DEBUG",
    "thread":"GamePlayer - Sancho 1.61c (9147)",
    "message":"Latch(-ve): ( true ( infectiousness 6 7 roundabout ) )(false)"
  },
  {
    "logger":"org.ggp.base.util.statemachine.implementation.propnet.forwardDeadReckon.ForwardDeadReckonPropnetStateMachine",
    "timestamp":"1449291278599",
    "level":"DEBUG",
    "thread":"GamePlayer - Sancho 1.61c (9147)",
    "message":"Latch(-ve): ( true ( infectiousness 1 3 roundabout ) )(false)"
  },
  {
    "logger":"org.ggp.base.util.statemachine.implementation.propnet.forwardDeadReckon.ForwardDeadReckonPropnetStateMachine",
    "timestamp":"1449291278601",
    "level":"DEBUG",
    "thread":"GamePlayer - Sancho 1.61c (9147)",
    "message":"Latch(-ve): ( true ( infectiousness 2 1 roundabout ) )(false)"
  },
  {
    "logger":"org.ggp.base.util.statemachine.implementation.propnet.forwardDeadReckon.ForwardDeadReckonPropnetStateMachine",
    "timestamp":"1449291278602",
    "level":"DEBUG",
    "thread":"GamePlayer - Sancho 1.61c (9147)",
    "message":"Latch(-ve): ( true ( infectiousness 3 7 roundabout ) )(false)"
  },
  {
    "logger":"org.ggp.base.util.statemachine.implementation.propnet.forwardDeadReckon.ForwardDeadReckonPropnetStateMachine",
    "timestamp":"1449291278605",
    "level":"DEBUG",
    "thread":"GamePlayer - Sancho 1.61c (9147)",
    "message":"Latch(-ve): ( true ( infectiousness 7 5 roundabout ) )(false)"
  },
  {
    "logger":"org.ggp.base.util.statemachine.implementation.propnet.forwardDeadReckon.ForwardDeadReckonPropnetStateMachine",
    "timestamp":"1449291278606",
    "level":"DEBUG",
    "thread":"GamePlayer - Sancho 1.61c (9147)",
    "message":"Latch(-ve): ( true ( infectiousness 4 3 roundabout ) )(false)"
  },
  {
    "logger":"org.ggp.base.util.statemachine.implementation.propnet.forwardDeadReckon.ForwardDeadReckonPropnetStateMachine",
    "timestamp":"1449291278607",
    "level":"DEBUG",
    "thread":"GamePlayer - Sancho 1.61c (9147)",
    "message":"Latch(-ve): ( true ( infectiousness 7 4 roundabout ) )(false)"
  },
  {
    "logger":"org.ggp.base.util.statemachine.implementation.propnet.forwardDeadReckon.ForwardDeadReckonPropnetStateMachine",
    "timestamp":"1449291278607",
    "level":"DEBUG",
    "thread":"GamePlayer - Sancho 1.61c (9147)",
    "message":"Latch(-ve): ( true ( infectiousness 5 8 roundabout ) )(false)"
  },
  {
    "logger":"org.ggp.base.util.statemachine.implementation.propnet.forwardDeadReckon.ForwardDeadReckonPropnetStateMachine",
    "timestamp":"1449291278608",
    "level":"DEBUG",
    "thread":"GamePlayer - Sancho 1.61c (9147)",
    "message":"Latch(-ve): ( true ( infectiousness 8 4 roundabout ) )(false)"
  },
  {
    "logger":"org.ggp.base.util.statemachine.implementation.propnet.forwardDeadReckon.ForwardDeadReckonPropnetStateMachine",
    "timestamp":"1449291278608",
    "level":"DEBUG",
    "thread":"GamePlayer - Sancho 1.61c (9147)",
    "message":"Latch(-ve): ( true ( infectiousness 3 8 roundabout ) )(false)"
  },
  {
    "logger":"org.ggp.base.util.statemachine.implementation.propnet.forwardDeadReckon.ForwardDeadReckonPropnetStateMachine",
    "timestamp":"1449291278610",
    "level":"DEBUG",
    "thread":"GamePlayer - Sancho 1.61c (9147)",
    "message":"Latch(-ve): ( true ( infectiousness 5 1 roundabout ) )(false)"
  },
  {
    "logger":"org.ggp.base.util.statemachine.implementation.propnet.forwardDeadReckon.ForwardDeadReckonPropnetStateMachine",
    "timestamp":"1449291278611",
    "level":"DEBUG",
    "thread":"GamePlayer - Sancho 1.61c (9147)",
    "message":"Latch(-ve): ( true ( infectiousness 6 2 roundabout ) )(false)"
  },
  {
    "logger":"org.ggp.base.util.statemachine.implementation.propnet.forwardDeadReckon.ForwardDeadReckonPropnetStateMachine",
    "timestamp":"1449291278613",
    "level":"DEBUG",
    "thread":"GamePlayer - Sancho 1.61c (9147)",
    "message":"Latch(-ve): ( true ( infectiousness 4 8 roundabout ) )(false)"
  },
  {
    "logger":"org.ggp.base.util.statemachine.implementation.propnet.forwardDeadReckon.ForwardDeadReckonPropnetStateMachine",
    "timestamp":"1449291278613",
    "level":"DEBUG",
    "thread":"GamePlayer - Sancho 1.61c (9147)",
    "message":"Latch(-ve): ( true ( infectiousness 6 6 roundabout ) )(false)"
  },
  {
    "logger":"org.ggp.base.util.statemachine.implementation.propnet.forwardDeadReckon.ForwardDeadReckonPropnetStateMachine",
    "timestamp":"1449291278614",
    "level":"INFO",
    "thread":"GamePlayer - Sancho 1.61c (9147)",
    "message":"No positive goal latches"
  },
  {
    "logger":"org.ggp.base.util.statemachine.implementation.propnet.forwardDeadReckon.ForwardDeadReckonPropnetStateMachine",
    "timestamp":"1449291278614",
    "level":"INFO",
    "thread":"GamePlayer - Sancho 1.61c (9147)",
    "message":"No negative goal latches"
  },
  {
    "logger":"org.ggp.base.player.gamer.statemachine.sancho.PayoffMatrixGamePlayer",
    "timestamp":"1449291278614",
    "level":"INFO",
    "thread":"GamePlayer - Sancho 1.61c (9147)",
    "message":"Not suitable for PayoffMatrixGamePlayer: Not a 2-player game"
  },
  {
    "logger":"org.ggp.base.player.gamer.statemachine.sancho.heuristic.CombinedHeuristic",
    "timestamp":"1449291278614",
    "level":"DEBUG",
    "thread":"GamePlayer - Sancho 1.61c (9147)",
    "message":"CombinedHeuristic: Adding PieceHeuristic"
  },
  {
    "logger":"org.ggp.base.player.gamer.statemachine.sancho.heuristic.CombinedHeuristic",
    "timestamp":"1449291278614",
    "level":"DEBUG",
    "thread":"GamePlayer - Sancho 1.61c (9147)",
    "message":"CombinedHeuristic: Adding MajorityGoalsHeuristic"
  },
  {
    "logger":"org.ggp.base.player.gamer.statemachine.sancho.heuristic.CombinedHeuristic",
    "timestamp":"1449291278614",
    "level":"DEBUG",
    "thread":"GamePlayer - Sancho 1.61c (9147)",
    "message":"CombinedHeuristic: Adding GoalsStabilityHeuristic"
  },
  {
    "logger":"org.ggp.base.player.gamer.statemachine.sancho.heuristic.CombinedHeuristic",
    "timestamp":"1449291278614",
    "level":"DEBUG",
    "thread":"GamePlayer - Sancho 1.61c (9147)",
    "message":"CombinedHeuristic: Removing disabled MajorityGoalsHeuristic"
  },
  {
    "logger":"org.ggp.base.player.gamer.statemachine.sancho.Sancho",
    "timestamp":"1449291278684",
    "level":"DEBUG",
    "thread":"GamePlayer - Sancho 1.61c (9147)",
    "message":"Eliminating role control props"
  },
  {
    "logger":"org.ggp.base.player.gamer.statemachine.sancho.Sancho",
    "timestamp":"1449291278684",
    "level":"DEBUG",
    "thread":"GamePlayer - Sancho 1.61c (9147)",
    "message":"Eliminating role control props"
  },
  {
    "logger":"org.ggp.base.player.gamer.statemachine.sancho.Sancho",
    "timestamp":"1449291278684",
    "level":"DEBUG",
    "thread":"GamePlayer - Sancho 1.61c (9147)",
    "message":"Eliminating role control props"
  },
  {
    "logger":"org.ggp.base.player.gamer.statemachine.sancho.Sancho",
    "timestamp":"1449291278684",
    "level":"DEBUG",
    "thread":"GamePlayer - Sancho 1.61c (9147)",
    "message":"Eliminating role control props"
  },
  {
    "logger":"org.ggp.base.player.gamer.statemachine.sancho.heuristic.CombinedHeuristic",
    "timestamp":"1449291278720",
    "level":"DEBUG",
    "thread":"GamePlayer - Sancho 1.61c (9147)",
    "message":"CombinedHeuristic: Removing disabled PieceHeuristic"
  },
  {
    "logger":"org.ggp.base.player.gamer.statemachine.sancho.heuristic.CombinedHeuristic",
    "timestamp":"1449291278720",
    "level":"DEBUG",
    "thread":"GamePlayer - Sancho 1.61c (9147)",
    "message":"CombinedHeuristic: Removing disabled GoalsStabilityHeuristic"
  },
  {
    "logger":"org.ggp.base.player.gamer.statemachine.sancho.heuristic.CombinedHeuristic",
    "timestamp":"1449291278720",
    "level":"INFO",
    "thread":"GamePlayer - Sancho 1.61c (9147)",
    "message":"No heuristics enabled"
  },
  {
    "logger":"org.ggp.base.player.gamer.statemachine.sancho.Sancho",
    "timestamp":"1449291278720",
    "level":"INFO",
    "thread":"GamePlayer - Sancho 1.61c (9147)",
    "message":"Performed 100 simulations to calculate heuristics"
  },
  {
    "logger":"org.ggp.base.util.propnet.polymorphic.forwardDeadReckon.ForwardDeadReckonPropnetFastAnimator",
    "timestamp":"1449291278731",
    "level":"DEBUG",
    "thread":"GamePlayer - Sancho 1.61c (9147)",
    "message":"Animator instance state vector size: 6140"
  },
  {
    "logger":"org.ggp.base.util.propnet.polymorphic.forwardDeadReckon.ForwardDeadReckonPropnetFastAnimator",
    "timestamp":"1449291278747",
    "level":"DEBUG",
    "thread":"GamePlayer - Sancho 1.61c (9147)",
    "message":"Animator instance state vector size: 6212"
  },
  {
    "logger":"org.ggp.base.player.gamer.statemachine.StateMachineGamer",
    "timestamp":"1449291278752",
    "level":"ERROR",
    "thread":"GamePlayer - Sancho 1.61c (9147)",
    "message":"Exception in player during meta-gaming",
    "throwable":"java.lang.NullPointerException\\n"
  },
  {
    "logger":"org.ggp.base.player.gamer.statemachine.sancho.StdOutErrLog",
    "timestamp":"1449291278753",
    "level":"WARN",
    "thread":"GamePlayer - Sancho 1.61c (9147)",
    "message":"[GamePlayer] java.lang.NullPointerException\r\n"
  },
  {
    "logger":"org.ggp.base.player.gamer.statemachine.sancho.StdOutErrLog",
    "timestamp":"1449291278754",
    "level":"WARN",
    "thread":"GamePlayer - Sancho 1.61c (9147)",
    "message":"[GamePlayer] An unhandled exception occurred during metagaming: org.ggp.base.player.gamer.exception.MetaGamingException: java.lang.NullPointerException\r\n\tat org.ggp.base.player.gamer.statemachine.StateMachineGamer.metaGame(StateMachineGamer.java:214)\r\n\tat org.ggp.base.player.request.grammar.StartRequest.process(StartRequest.java:70)\r\n\tat org.ggp.base.player.GamePlayer.run(GamePlayer.java:111)\r\nCaused by: java.lang.NullPointerException\r\n"
  },
  {
    "logger":"org.ggp.base.player.request.factory.RequestFactory",
    "timestamp":"1449291375176",
    "level":"DEBUG",
    "thread":"GamePlayer - Sancho 1.61c (9147)",
    "message":"GGP-Match-Step: 0"
  },
  {
    "logger":"org.ggp.base.player.request.factory.RequestFactory",
    "timestamp":"1449291375176",
    "level":"DEBUG",
    "thread":"GamePlayer - Sancho 1.61c (9147)",
    "message":"GGP-Match-Players: 0bb22f3239d8f91e1435b31f496cbeb5cc79a475, 1c8f126601bbe8bfbdf94440d8266e02e5245279, 0ce66b3bc773d4cf6bb777c3f6825d1bced362c2, 1be62490c8d0c565912926b2bce335efd6d2f4ea"
  },
  {
    "logger":"org.ggp.base.player.request.factory.RequestFactory",
    "timestamp":"1449291375176",
    "level":"DEBUG",
    "thread":"GamePlayer - Sancho 1.61c (9147)",
    "message":"GGP-Match-Host: Tiltyard"
  },
  {
    "logger":"org.ggp.base.player.request.factory.RequestFactory",
    "timestamp":"1449291375176",
    "level":"DEBUG",
    "thread":"GamePlayer - Sancho 1.61c (9147)",
    "message":"GGP-Match-ID: tiltyard.battlebrushesv0.1449291252213"
  },
  {
    "logger":"org.ggp.base.player.gamer.statemachine.sancho.StdOutErrLog",
    "timestamp":"1449291375177",
    "level":"WARN",
    "thread":"GamePlayer - Sancho 1.61c (9147)",
    "message":"[GamePlayer] Got play message not intended for current game: ignoring."
  },
  {
    "logger":"org.ggp.base.player.request.factory.RequestFactory",
    "timestamp":"1449291389865",
    "level":"DEBUG",
    "thread":"GamePlayer - Sancho 1.61c (9147)",
    "message":"GGP-Match-Step: 1"
  },
  {
    "logger":"org.ggp.base.player.request.factory.RequestFactory",
    "timestamp":"1449291389865",
    "level":"DEBUG",
    "thread":"GamePlayer - Sancho 1.61c (9147)",
    "message":"GGP-Match-Players: 0bb22f3239d8f91e1435b31f496cbeb5cc79a475, 1c8f126601bbe8bfbdf94440d8266e02e5245279, 0ce66b3bc773d4cf6bb777c3f6825d1bced362c2, 1be62490c8d0c565912926b2bce335efd6d2f4ea"
  },
  {
    "logger":"org.ggp.base.player.request.factory.RequestFactory",
    "timestamp":"1449291389865",
    "level":"DEBUG",
    "thread":"GamePlayer - Sancho 1.61c (9147)",
    "message":"GGP-Match-Host: Tiltyard"
  },
  {
    "logger":"org.ggp.base.player.request.factory.RequestFactory",
    "timestamp":"1449291389865",
    "level":"DEBUG",
    "thread":"GamePlayer - Sancho 1.61c (9147)",
    "message":"GGP-Match-ID: tiltyard.battlebrushesv0.1449291252213"
  },
  {
    "logger":"org.ggp.base.player.gamer.statemachine.sancho.StdOutErrLog",
    "timestamp":"1449291389866",
    "level":"WARN",
    "thread":"GamePlayer - Sancho 1.61c (9147)",
    "message":"[GamePlayer] Got play message not intended for current game: ignoring."
  },
  {
    "logger":"org.ggp.base.player.request.factory.RequestFactory",
    "timestamp":"1449291404609",
    "level":"DEBUG",
    "thread":"GamePlayer - Sancho 1.61c (9147)",
    "message":"GGP-Match-Step: 2"
  },
  {
    "logger":"org.ggp.base.player.request.factory.RequestFactory",
    "timestamp":"1449291404609",
    "level":"DEBUG",
    "thread":"GamePlayer - Sancho 1.61c (9147)",
    "message":"GGP-Match-Players: 0bb22f3239d8f91e1435b31f496cbeb5cc79a475, 1c8f126601bbe8bfbdf94440d8266e02e5245279, 0ce66b3bc773d4cf6bb777c3f6825d1bced362c2, 1be62490c8d0c565912926b2bce335efd6d2f4ea"
  },
  {
    "logger":"org.ggp.base.player.request.factory.RequestFactory",
    "timestamp":"1449291404609",
    "level":"DEBUG",
    "thread":"GamePlayer - Sancho 1.61c (9147)",
    "message":"GGP-Match-Host: Tiltyard"
  },
  {
    "logger":"org.ggp.base.player.request.factory.RequestFactory",
    "timestamp":"1449291404609",
    "level":"DEBUG",
    "thread":"GamePlayer - Sancho 1.61c (9147)",
    "message":"GGP-Match-ID: tiltyard.battlebrushesv0.1449291252213"
  },
  {
    "logger":"org.ggp.base.player.gamer.statemachine.sancho.StdOutErrLog",
    "timestamp":"1449291404609",
    "level":"WARN",
    "thread":"GamePlayer - Sancho 1.61c (9147)",
    "message":"[GamePlayer] Got play message not intended for current game: ignoring."
  },
  {
    "logger":"org.ggp.base.player.request.factory.RequestFactory",
    "timestamp":"1449291419508",
    "level":"DEBUG",
    "thread":"GamePlayer - Sancho 1.61c (9147)",
    "message":"GGP-Match-Step: 3"
  },
  {
    "logger":"org.ggp.base.player.request.factory.RequestFactory",
    "timestamp":"1449291419508",
    "level":"DEBUG",
    "thread":"GamePlayer - Sancho 1.61c (9147)",
    "message":"GGP-Match-Players: 0bb22f3239d8f91e1435b31f496cbeb5cc79a475, 1c8f126601bbe8bfbdf94440d8266e02e5245279, 0ce66b3bc773d4cf6bb777c3f6825d1bced362c2, 1be62490c8d0c565912926b2bce335efd6d2f4ea"
  },
  {
    "logger":"org.ggp.base.player.request.factory.RequestFactory",
    "timestamp":"1449291419508",
    "level":"DEBUG",
    "thread":"GamePlayer - Sancho 1.61c (9147)",
    "message":"GGP-Match-Host: Tiltyard"
  },
  {
    "logger":"org.ggp.base.player.request.factory.RequestFactory",
    "timestamp":"1449291419508",
    "level":"DEBUG",
    "thread":"GamePlayer - Sancho 1.61c (9147)",
    "message":"GGP-Match-ID: tiltyard.battlebrushesv0.1449291252213"
  },
  {
    "logger":"org.ggp.base.player.gamer.statemachine.sancho.StdOutErrLog",
    "timestamp":"1449291419509",
    "level":"WARN",
    "thread":"GamePlayer - Sancho 1.61c (9147)",
    "message":"[GamePlayer] Got play message not intended for current game: ignoring."
  },
  {
    "logger":"org.ggp.base.player.request.factory.RequestFactory",
    "timestamp":"1449291434290",
    "level":"DEBUG",
    "thread":"GamePlayer - Sancho 1.61c (9147)",
    "message":"GGP-Match-Step: 4"
  },
  {
    "logger":"org.ggp.base.player.request.factory.RequestFactory",
    "timestamp":"1449291434290",
    "level":"DEBUG",
    "thread":"GamePlayer - Sancho 1.61c (9147)",
    "message":"GGP-Match-Players: 0bb22f3239d8f91e1435b31f496cbeb5cc79a475, 1c8f126601bbe8bfbdf94440d8266e02e5245279, 0ce66b3bc773d4cf6bb777c3f6825d1bced362c2, 1be62490c8d0c565912926b2bce335efd6d2f4ea"
  },
  {
    "logger":"org.ggp.base.player.request.factory.RequestFactory",
    "timestamp":"1449291434290",
    "level":"DEBUG",
    "thread":"GamePlayer - Sancho 1.61c (9147)",
    "message":"GGP-Match-Host: Tiltyard"
  },
  {
    "logger":"org.ggp.base.player.request.factory.RequestFactory",
    "timestamp":"1449291434290",
    "level":"DEBUG",
    "thread":"GamePlayer - Sancho 1.61c (9147)",
    "message":"GGP-Match-ID: tiltyard.battlebrushesv0.1449291252213"
  },
  {
    "logger":"org.ggp.base.player.gamer.statemachine.sancho.StdOutErrLog",
    "timestamp":"1449291434290",
    "level":"WARN",
    "thread":"GamePlayer - Sancho 1.61c (9147)",
    "message":"[GamePlayer] Got play message not intended for current game: ignoring."
  },
  {
    "logger":"org.ggp.base.player.request.factory.RequestFactory",
    "timestamp":"1449291449068",
    "level":"DEBUG",
    "thread":"GamePlayer - Sancho 1.61c (9147)",
    "message":"GGP-Match-Step: 5"
  },
  {
    "logger":"org.ggp.base.player.request.factory.RequestFactory",
    "timestamp":"1449291449068",
    "level":"DEBUG",
    "thread":"GamePlayer - Sancho 1.61c (9147)",
    "message":"GGP-Match-Players: 0bb22f3239d8f91e1435b31f496cbeb5cc79a475, 1c8f126601bbe8bfbdf94440d8266e02e5245279, 0ce66b3bc773d4cf6bb777c3f6825d1bced362c2, 1be62490c8d0c565912926b2bce335efd6d2f4ea"
  },
  {
    "logger":"org.ggp.base.player.request.factory.RequestFactory",
    "timestamp":"1449291449068",
    "level":"DEBUG",
    "thread":"GamePlayer - Sancho 1.61c (9147)",
    "message":"GGP-Match-Host: Tiltyard"
  },
  {
    "logger":"org.ggp.base.player.request.factory.RequestFactory",
    "timestamp":"1449291449068",
    "level":"DEBUG",
    "thread":"GamePlayer - Sancho 1.61c (9147)",
    "message":"GGP-Match-ID: tiltyard.battlebrushesv0.1449291252213"
  },
  {
    "logger":"org.ggp.base.player.gamer.statemachine.sancho.StdOutErrLog",
    "timestamp":"1449291449068",
    "level":"WARN",
    "thread":"GamePlayer - Sancho 1.61c (9147)",
    "message":"[GamePlayer] Got play message not intended for current game: ignoring."
  },
  {
    "logger":"org.ggp.base.player.request.factory.RequestFactory",
    "timestamp":"1449291463737",
    "level":"DEBUG",
    "thread":"GamePlayer - Sancho 1.61c (9147)",
    "message":"GGP-Match-Step: 6"
  },
  {
    "logger":"org.ggp.base.player.request.factory.RequestFactory",
    "timestamp":"1449291463737",
    "level":"DEBUG",
    "thread":"GamePlayer - Sancho 1.61c (9147)",
    "message":"GGP-Match-Players: 0bb22f3239d8f91e1435b31f496cbeb5cc79a475, 1c8f126601bbe8bfbdf94440d8266e02e5245279, 0ce66b3bc773d4cf6bb777c3f6825d1bced362c2, 1be62490c8d0c565912926b2bce335efd6d2f4ea"
  },
  {
    "logger":"org.ggp.base.player.request.factory.RequestFactory",
    "timestamp":"1449291463737",
    "level":"DEBUG",
    "thread":"GamePlayer - Sancho 1.61c (9147)",
    "message":"GGP-Match-Host: Tiltyard"
  },
  {
    "logger":"org.ggp.base.player.request.factory.RequestFactory",
    "timestamp":"1449291463737",
    "level":"DEBUG",
    "thread":"GamePlayer - Sancho 1.61c (9147)",
    "message":"GGP-Match-ID: tiltyard.battlebrushesv0.1449291252213"
  },
  {
    "logger":"org.ggp.base.player.gamer.statemachine.sancho.StdOutErrLog",
    "timestamp":"1449291463737",
    "level":"WARN",
    "thread":"GamePlayer - Sancho 1.61c (9147)",
    "message":"[GamePlayer] Got play message not intended for current game: ignoring."
  },
  {
    "logger":"org.ggp.base.player.request.factory.RequestFactory",
    "timestamp":"1449291478447",
    "level":"DEBUG",
    "thread":"GamePlayer - Sancho 1.61c (9147)",
    "message":"GGP-Match-Step: 7"
  },
  {
    "logger":"org.ggp.base.player.request.factory.RequestFactory",
    "timestamp":"1449291478447",
    "level":"DEBUG",
    "thread":"GamePlayer - Sancho 1.61c (9147)",
    "message":"GGP-Match-Players: 0bb22f3239d8f91e1435b31f496cbeb5cc79a475, 1c8f126601bbe8bfbdf94440d8266e02e5245279, 0ce66b3bc773d4cf6bb777c3f6825d1bced362c2, 1be62490c8d0c565912926b2bce335efd6d2f4ea"
  },
  {
    "logger":"org.ggp.base.player.request.factory.RequestFactory",
    "timestamp":"1449291478447",
    "level":"DEBUG",
    "thread":"GamePlayer - Sancho 1.61c (9147)",
    "message":"GGP-Match-Host: Tiltyard"
  },
  {
    "logger":"org.ggp.base.player.request.factory.RequestFactory",
    "timestamp":"1449291478447",
    "level":"DEBUG",
    "thread":"GamePlayer - Sancho 1.61c (9147)",
    "message":"GGP-Match-ID: tiltyard.battlebrushesv0.1449291252213"
  },
  {
    "logger":"org.ggp.base.player.gamer.statemachine.sancho.StdOutErrLog",
    "timestamp":"1449291478448",
    "level":"WARN",
    "thread":"GamePlayer - Sancho 1.61c (9147)",
    "message":"[GamePlayer] Got play message not intended for current game: ignoring."
  },
  {
    "logger":"org.ggp.base.player.request.factory.RequestFactory",
    "timestamp":"1449291493162",
    "level":"DEBUG",
    "thread":"GamePlayer - Sancho 1.61c (9147)",
    "message":"GGP-Match-Step: 8"
  },
  {
    "logger":"org.ggp.base.player.request.factory.RequestFactory",
    "timestamp":"1449291493162",
    "level":"DEBUG",
    "thread":"GamePlayer - Sancho 1.61c (9147)",
    "message":"GGP-Match-Players: 0bb22f3239d8f91e1435b31f496cbeb5cc79a475, 1c8f126601bbe8bfbdf94440d8266e02e5245279, 0ce66b3bc773d4cf6bb777c3f6825d1bced362c2, 1be62490c8d0c565912926b2bce335efd6d2f4ea"
  },
  {
    "logger":"org.ggp.base.player.request.factory.RequestFactory",
    "timestamp":"1449291493162",
    "level":"DEBUG",
    "thread":"GamePlayer - Sancho 1.61c (9147)",
    "message":"GGP-Match-Host: Tiltyard"
  },
  {
    "logger":"org.ggp.base.player.request.factory.RequestFactory",
    "timestamp":"1449291493162",
    "level":"DEBUG",
    "thread":"GamePlayer - Sancho 1.61c (9147)",
    "message":"GGP-Match-ID: tiltyard.battlebrushesv0.1449291252213"
  },
  {
    "logger":"org.ggp.base.player.gamer.statemachine.sancho.StdOutErrLog",
    "timestamp":"1449291493163",
    "level":"WARN",
    "thread":"GamePlayer - Sancho 1.61c (9147)",
    "message":"[GamePlayer] Got play message not intended for current game: ignoring."
  },
  {
    "logger":"org.ggp.base.player.request.factory.RequestFactory",
    "timestamp":"1449291507872",
    "level":"DEBUG",
    "thread":"GamePlayer - Sancho 1.61c (9147)",
    "message":"GGP-Match-Step: 9"
  },
  {
    "logger":"org.ggp.base.player.request.factory.RequestFactory",
    "timestamp":"1449291507872",
    "level":"DEBUG",
    "thread":"GamePlayer - Sancho 1.61c (9147)",
    "message":"GGP-Match-Players: 0bb22f3239d8f91e1435b31f496cbeb5cc79a475, 1c8f126601bbe8bfbdf94440d8266e02e5245279, 0ce66b3bc773d4cf6bb777c3f6825d1bced362c2, 1be62490c8d0c565912926b2bce335efd6d2f4ea"
  },
  {
    "logger":"org.ggp.base.player.request.factory.RequestFactory",
    "timestamp":"1449291507872",
    "level":"DEBUG",
    "thread":"GamePlayer - Sancho 1.61c (9147)",
    "message":"GGP-Match-Host: Tiltyard"
  },
  {
    "logger":"org.ggp.base.player.request.factory.RequestFactory",
    "timestamp":"1449291507872",
    "level":"DEBUG",
    "thread":"GamePlayer - Sancho 1.61c (9147)",
    "message":"GGP-Match-ID: tiltyard.battlebrushesv0.1449291252213"
  },
  {
    "logger":"org.ggp.base.player.gamer.statemachine.sancho.StdOutErrLog",
    "timestamp":"1449291507873",
    "level":"WARN",
    "thread":"GamePlayer - Sancho 1.61c (9147)",
    "message":"[GamePlayer] Got play message not intended for current game: ignoring."
  },
  {
    "logger":"org.ggp.base.player.request.factory.RequestFactory",
    "timestamp":"1449291522785",
    "level":"DEBUG",
    "thread":"GamePlayer - Sancho 1.61c (9147)",
    "message":"GGP-Match-Step: 10"
  },
  {
    "logger":"org.ggp.base.player.request.factory.RequestFactory",
    "timestamp":"1449291522785",
    "level":"DEBUG",
    "thread":"GamePlayer - Sancho 1.61c (9147)",
    "message":"GGP-Match-Players: 0bb22f3239d8f91e1435b31f496cbeb5cc79a475, 1c8f126601bbe8bfbdf94440d8266e02e5245279, 0ce66b3bc773d4cf6bb777c3f6825d1bced362c2, 1be62490c8d0c565912926b2bce335efd6d2f4ea"
  },
  {
    "logger":"org.ggp.base.player.request.factory.RequestFactory",
    "timestamp":"1449291522785",
    "level":"DEBUG",
    "thread":"GamePlayer - Sancho 1.61c (9147)",
    "message":"GGP-Match-Host: Tiltyard"
  },
  {
    "logger":"org.ggp.base.player.request.factory.RequestFactory",
    "timestamp":"1449291522785",
    "level":"DEBUG",
    "thread":"GamePlayer - Sancho 1.61c (9147)",
    "message":"GGP-Match-ID: tiltyard.battlebrushesv0.1449291252213"
  },
  {
    "logger":"org.ggp.base.player.gamer.statemachine.sancho.StdOutErrLog",
    "timestamp":"1449291522785",
    "level":"WARN",
    "thread":"GamePlayer - Sancho 1.61c (9147)",
    "message":"[GamePlayer] Got play message not intended for current game: ignoring."
  },
  {
    "logger":"org.ggp.base.player.request.factory.RequestFactory",
    "timestamp":"1449291537510",
    "level":"DEBUG",
    "thread":"GamePlayer - Sancho 1.61c (9147)",
    "message":"GGP-Match-Step: 11"
  },
  {
    "logger":"org.ggp.base.player.request.factory.RequestFactory",
    "timestamp":"1449291537510",
    "level":"DEBUG",
    "thread":"GamePlayer - Sancho 1.61c (9147)",
    "message":"GGP-Match-Players: 0bb22f3239d8f91e1435b31f496cbeb5cc79a475, 1c8f126601bbe8bfbdf94440d8266e02e5245279, 0ce66b3bc773d4cf6bb777c3f6825d1bced362c2, 1be62490c8d0c565912926b2bce335efd6d2f4ea"
  },
  {
    "logger":"org.ggp.base.player.request.factory.RequestFactory",
    "timestamp":"1449291537510",
    "level":"DEBUG",
    "thread":"GamePlayer - Sancho 1.61c (9147)",
    "message":"GGP-Match-Host: Tiltyard"
  },
  {
    "logger":"org.ggp.base.player.request.factory.RequestFactory",
    "timestamp":"1449291537510",
    "level":"DEBUG",
    "thread":"GamePlayer - Sancho 1.61c (9147)",
    "message":"GGP-Match-ID: tiltyard.battlebrushesv0.1449291252213"
  },
  {
    "logger":"org.ggp.base.player.gamer.statemachine.sancho.StdOutErrLog",
    "timestamp":"1449291537511",
    "level":"WARN",
    "thread":"GamePlayer - Sancho 1.61c (9147)",
    "message":"[GamePlayer] Got play message not intended for current game: ignoring."
  },
  {
    "logger":"org.ggp.base.player.request.factory.RequestFactory",
    "timestamp":"1449291552234",
    "level":"DEBUG",
    "thread":"GamePlayer - Sancho 1.61c (9147)",
    "message":"GGP-Match-Step: 12"
  },
  {
    "logger":"org.ggp.base.player.request.factory.RequestFactory",
    "timestamp":"1449291552234",
    "level":"DEBUG",
    "thread":"GamePlayer - Sancho 1.61c (9147)",
    "message":"GGP-Match-Players: 0bb22f3239d8f91e1435b31f496cbeb5cc79a475, 1c8f126601bbe8bfbdf94440d8266e02e5245279, 0ce66b3bc773d4cf6bb777c3f6825d1bced362c2, 1be62490c8d0c565912926b2bce335efd6d2f4ea"
  },
  {
    "logger":"org.ggp.base.player.request.factory.RequestFactory",
    "timestamp":"1449291552234",
    "level":"DEBUG",
    "thread":"GamePlayer - Sancho 1.61c (9147)",
    "message":"GGP-Match-Host: Tiltyard"
  },
  {
    "logger":"org.ggp.base.player.request.factory.RequestFactory",
    "timestamp":"1449291552234",
    "level":"DEBUG",
    "thread":"GamePlayer - Sancho 1.61c (9147)",
    "message":"GGP-Match-ID: tiltyard.battlebrushesv0.1449291252213"
  },
  {
    "logger":"org.ggp.base.player.gamer.statemachine.sancho.StdOutErrLog",
    "timestamp":"1449291552234",
    "level":"WARN",
    "thread":"GamePlayer - Sancho 1.61c (9147)",
    "message":"[GamePlayer] Got play message not intended for current game: ignoring."
  },
  {
    "logger":"org.ggp.base.player.request.factory.RequestFactory",
    "timestamp":"1449291567040",
    "level":"DEBUG",
    "thread":"GamePlayer - Sancho 1.61c (9147)",
    "message":"GGP-Match-Step: 13"
  },
  {
    "logger":"org.ggp.base.player.request.factory.RequestFactory",
    "timestamp":"1449291567040",
    "level":"DEBUG",
    "thread":"GamePlayer - Sancho 1.61c (9147)",
    "message":"GGP-Match-Players: 0bb22f3239d8f91e1435b31f496cbeb5cc79a475, 1c8f126601bbe8bfbdf94440d8266e02e5245279, 0ce66b3bc773d4cf6bb777c3f6825d1bced362c2, 1be62490c8d0c565912926b2bce335efd6d2f4ea"
  },
  {
    "logger":"org.ggp.base.player.request.factory.RequestFactory",
    "timestamp":"1449291567040",
    "level":"DEBUG",
    "thread":"GamePlayer - Sancho 1.61c (9147)",
    "message":"GGP-Match-Host: Tiltyard"
  },
  {
    "logger":"org.ggp.base.player.request.factory.RequestFactory",
    "timestamp":"1449291567040",
    "level":"DEBUG",
    "thread":"GamePlayer - Sancho 1.61c (9147)",
    "message":"GGP-Match-ID: tiltyard.battlebrushesv0.1449291252213"
  },
  {
    "logger":"org.ggp.base.player.gamer.statemachine.sancho.StdOutErrLog",
    "timestamp":"1449291567041",
    "level":"WARN",
    "thread":"GamePlayer - Sancho 1.61c (9147)",
    "message":"[GamePlayer] Got play message not intended for current game: ignoring."
  },
  {
    "logger":"org.ggp.base.player.request.factory.RequestFactory",
    "timestamp":"1449291582079",
    "level":"DEBUG",
    "thread":"GamePlayer - Sancho 1.61c (9147)",
    "message":"GGP-Match-Step: 14"
  },
  {
    "logger":"org.ggp.base.player.request.factory.RequestFactory",
    "timestamp":"1449291582079",
    "level":"DEBUG",
    "thread":"GamePlayer - Sancho 1.61c (9147)",
    "message":"GGP-Match-Players: 0bb22f3239d8f91e1435b31f496cbeb5cc79a475, 1c8f126601bbe8bfbdf94440d8266e02e5245279, 0ce66b3bc773d4cf6bb777c3f6825d1bced362c2, 1be62490c8d0c565912926b2bce335efd6d2f4ea"
  },
  {
    "logger":"org.ggp.base.player.request.factory.RequestFactory",
    "timestamp":"1449291582079",
    "level":"DEBUG",
    "thread":"GamePlayer - Sancho 1.61c (9147)",
    "message":"GGP-Match-Host: Tiltyard"
  },
  {
    "logger":"org.ggp.base.player.request.factory.RequestFactory",
    "timestamp":"1449291582079",
    "level":"DEBUG",
    "thread":"GamePlayer - Sancho 1.61c (9147)",
    "message":"GGP-Match-ID: tiltyard.battlebrushesv0.1449291252213"
  },
  {
    "logger":"org.ggp.base.player.gamer.statemachine.sancho.StdOutErrLog",
    "timestamp":"1449291582079",
    "level":"WARN",
    "thread":"GamePlayer - Sancho 1.61c (9147)",
    "message":"[GamePlayer] Got play message not intended for current game: ignoring."
  },
  {
    "logger":"org.ggp.base.player.request.factory.RequestFactory",
    "timestamp":"1449291597394",
    "level":"DEBUG",
    "thread":"GamePlayer - Sancho 1.61c (9147)",
    "message":"GGP-Match-Step: 15"
  },
  {
    "logger":"org.ggp.base.player.request.factory.RequestFactory",
    "timestamp":"1449291597394",
    "level":"DEBUG",
    "thread":"GamePlayer - Sancho 1.61c (9147)",
    "message":"GGP-Match-Players: 0bb22f3239d8f91e1435b31f496cbeb5cc79a475, 1c8f126601bbe8bfbdf94440d8266e02e5245279, 0ce66b3bc773d4cf6bb777c3f6825d1bced362c2, 1be62490c8d0c565912926b2bce335efd6d2f4ea"
  },
  {
    "logger":"org.ggp.base.player.request.factory.RequestFactory",
    "timestamp":"1449291597394",
    "level":"DEBUG",
    "thread":"GamePlayer - Sancho 1.61c (9147)",
    "message":"GGP-Match-Host: Tiltyard"
  },
  {
    "logger":"org.ggp.base.player.request.factory.RequestFactory",
    "timestamp":"1449291597394",
    "level":"DEBUG",
    "thread":"GamePlayer - Sancho 1.61c (9147)",
    "message":"GGP-Match-ID: tiltyard.battlebrushesv0.1449291252213"
  },
  {
    "logger":"org.ggp.base.player.gamer.statemachine.sancho.StdOutErrLog",
    "timestamp":"1449291597394",
    "level":"WARN",
    "thread":"GamePlayer - Sancho 1.61c (9147)",
    "message":"[GamePlayer] Got play message not intended for current game: ignoring."
  },
  {
    "logger":"org.ggp.base.player.request.factory.RequestFactory",
    "timestamp":"1449291612499",
    "level":"DEBUG",
    "thread":"GamePlayer - Sancho 1.61c (9147)",
    "message":"GGP-Match-Step: 16"
  },
  {
    "logger":"org.ggp.base.player.request.factory.RequestFactory",
    "timestamp":"1449291612499",
    "level":"DEBUG",
    "thread":"GamePlayer - Sancho 1.61c (9147)",
    "message":"GGP-Match-Players: 0bb22f3239d8f91e1435b31f496cbeb5cc79a475, 1c8f126601bbe8bfbdf94440d8266e02e5245279, 0ce66b3bc773d4cf6bb777c3f6825d1bced362c2, 1be62490c8d0c565912926b2bce335efd6d2f4ea"
  },
  {
    "logger":"org.ggp.base.player.request.factory.RequestFactory",
    "timestamp":"1449291612499",
    "level":"DEBUG",
    "thread":"GamePlayer - Sancho 1.61c (9147)",
    "message":"GGP-Match-Host: Tiltyard"
  },
  {
    "logger":"org.ggp.base.player.request.factory.RequestFactory",
    "timestamp":"1449291612499",
    "level":"DEBUG",
    "thread":"GamePlayer - Sancho 1.61c (9147)",
    "message":"GGP-Match-ID: tiltyard.battlebrushesv0.1449291252213"
  },
  {
    "logger":"org.ggp.base.player.gamer.statemachine.sancho.StdOutErrLog",
    "timestamp":"1449291612500",
    "level":"WARN",
    "thread":"GamePlayer - Sancho 1.61c (9147)",
    "message":"[GamePlayer] Got play message not intended for current game: ignoring."
  },
  {
    "logger":"org.ggp.base.player.request.factory.RequestFactory",
    "timestamp":"1449291627518",
    "level":"DEBUG",
    "thread":"GamePlayer - Sancho 1.61c (9147)",
    "message":"GGP-Match-Step: 17"
  },
  {
    "logger":"org.ggp.base.player.request.factory.RequestFactory",
    "timestamp":"1449291627518",
    "level":"DEBUG",
    "thread":"GamePlayer - Sancho 1.61c (9147)",
    "message":"GGP-Match-Players: 0bb22f3239d8f91e1435b31f496cbeb5cc79a475, 1c8f126601bbe8bfbdf94440d8266e02e5245279, 0ce66b3bc773d4cf6bb777c3f6825d1bced362c2, 1be62490c8d0c565912926b2bce335efd6d2f4ea"
  },
  {
    "logger":"org.ggp.base.player.request.factory.RequestFactory",
    "timestamp":"1449291627518",
    "level":"DEBUG",
    "thread":"GamePlayer - Sancho 1.61c (9147)",
    "message":"GGP-Match-Host: Tiltyard"
  },
  {
    "logger":"org.ggp.base.player.request.factory.RequestFactory",
    "timestamp":"1449291627518",
    "level":"DEBUG",
    "thread":"GamePlayer - Sancho 1.61c (9147)",
    "message":"GGP-Match-ID: tiltyard.battlebrushesv0.1449291252213"
  },
  {
    "logger":"org.ggp.base.player.gamer.statemachine.sancho.StdOutErrLog",
    "timestamp":"1449291627519",
    "level":"WARN",
    "thread":"GamePlayer - Sancho 1.61c (9147)",
    "message":"[GamePlayer] Got play message not intended for current game: ignoring."
  },
  {
    "logger":"org.ggp.base.player.request.factory.RequestFactory",
    "timestamp":"1449291642912",
    "level":"DEBUG",
    "thread":"GamePlayer - Sancho 1.61c (9147)",
    "message":"GGP-Match-Step: 18"
  },
  {
    "logger":"org.ggp.base.player.request.factory.RequestFactory",
    "timestamp":"1449291642912",
    "level":"DEBUG",
    "thread":"GamePlayer - Sancho 1.61c (9147)",
    "message":"GGP-Match-Players: 0bb22f3239d8f91e1435b31f496cbeb5cc79a475, 1c8f126601bbe8bfbdf94440d8266e02e5245279, 0ce66b3bc773d4cf6bb777c3f6825d1bced362c2, 1be62490c8d0c565912926b2bce335efd6d2f4ea"
  },
  {
    "logger":"org.ggp.base.player.request.factory.RequestFactory",
    "timestamp":"1449291642912",
    "level":"DEBUG",
    "thread":"GamePlayer - Sancho 1.61c (9147)",
    "message":"GGP-Match-Host: Tiltyard"
  },
  {
    "logger":"org.ggp.base.player.request.factory.RequestFactory",
    "timestamp":"1449291642912",
    "level":"DEBUG",
    "thread":"GamePlayer - Sancho 1.61c (9147)",
    "message":"GGP-Match-ID: tiltyard.battlebrushesv0.1449291252213"
  },
  {
    "logger":"org.ggp.base.player.gamer.statemachine.sancho.StdOutErrLog",
    "timestamp":"1449291642912",
    "level":"WARN",
    "thread":"GamePlayer - Sancho 1.61c (9147)",
    "message":"[GamePlayer] Got play message not intended for current game: ignoring."
  },
  {
    "logger":"org.ggp.base.player.request.factory.RequestFactory",
    "timestamp":"1449291659193",
    "level":"DEBUG",
    "thread":"GamePlayer - Sancho 1.61c (9147)",
    "message":"GGP-Match-Step: 19"
  },
  {
    "logger":"org.ggp.base.player.request.factory.RequestFactory",
    "timestamp":"1449291659193",
    "level":"DEBUG",
    "thread":"GamePlayer - Sancho 1.61c (9147)",
    "message":"GGP-Match-Players: 0bb22f3239d8f91e1435b31f496cbeb5cc79a475, 1c8f126601bbe8bfbdf94440d8266e02e5245279, 0ce66b3bc773d4cf6bb777c3f6825d1bced362c2, 1be62490c8d0c565912926b2bce335efd6d2f4ea"
  },
  {
    "logger":"org.ggp.base.player.request.factory.RequestFactory",
    "timestamp":"1449291659193",
    "level":"DEBUG",
    "thread":"GamePlayer - Sancho 1.61c (9147)",
    "message":"GGP-Match-Host: Tiltyard"
  },
  {
    "logger":"org.ggp.base.player.request.factory.RequestFactory",
    "timestamp":"1449291659193",
    "level":"DEBUG",
    "thread":"GamePlayer - Sancho 1.61c (9147)",
    "message":"GGP-Match-ID: tiltyard.battlebrushesv0.1449291252213"
  },
  {
    "logger":"org.ggp.base.player.gamer.statemachine.sancho.StdOutErrLog",
    "timestamp":"1449291659194",
    "level":"WARN",
    "thread":"GamePlayer - Sancho 1.61c (9147)",
    "message":"[GamePlayer] Got stop message not intended for current game: ignoring."
  }